countryid,GDP_2020
698,532.5877710618644
699,803.5036489143992
700,708.7811509548337
701,4660.26840712307
702,99.33070183704538
703,1147.1436347907788
704,1393.5002053105995
705,342.071197313631
706,421.6573551693256
707,732.1442150402845
708,303.08363867647694
709,323.0828189689738
710,286.05924560107036
711,362.24845329260364
712,450.88850387373884
713,887.6783568823753
714,143.23449195003738
715,1011.0123426527614
716,353.43018359129996
717,321.2287400973658
718,179.47535612334823
719,497.6652966483189
720,790.6058989109446
721,275.08184971526606
722,186.02369327354288
723,260.20727492212063
724,187.4912605247792
725,157.45898342382083
726,392.7533488629201
727,314.8805916273962
728,269.0074603939149
729,334.9605039990516
730,37.30200198806795
731,104.02275991462429
732,240.7666564565749
733,550.0013216854225
734,365.58514369977087
735,282.9377354833157
736,348.7584943286729
737,528.709476607637
738,302.20944889579766
739,545.3372075910179
740,428.10918390820007
741,370.9208520871035
742,409.1580617896868
743,544.4039290923345
744,139.25546067859003
745,803.8272376678068
746,371.34528797350634
747,809.8410362408786
748,591.3538767473583
749,389.15456103374714
750,346.64821961183566
751,449.8277212903206
752,668.1689110962891
753,193.6770382990199
754,1391.3082540032092
755,673.4893987541292
756,658.7418429807491
757,443.41061425407844
758,335.41683556019706
759,201.89135951782796
760,301.9794511201232
761,618.3435626866784
762,443.7776247599454
763,436.4030169362783
764,304.3789833162765
765,381.2322784068847
766,388.09191039175136
767,92.1009203414196
768,182.6392909560317
769,824.0098792847426
770,521.6524216309581
771,589.7094520049675
772,202.43293055755032
773,177.8161461291635
774,76.56759930518078
775,485.33802140631406
1,27415.681706707426
2,1014.4389379500243
3,6552.041252014617
4,220.5132960453846
5,312.61768411387106
6,346.6428490591276
7,240.66427410949902
776,1682.5334883298021
777,4531.224793601026
778,430.7828956561103
779,221.1821125721463
780,360.0877579969371
781,480.6424237333335
782,37.97693031621676
783,1048.184715765206
784,436.1812812257762
785,1396.069102771005
786,81.2100363231545
787,1607.1974030137449
788,980.1275457245778
789,629.2957625912586
790,171.03426144259333
791,157.51274255064612
792,183.40913324477856
793,255.0097817417703
794,434.68046399489094
795,292.0786238897016
796,209.2204621551917
797,145.67358898190196
798,185.96760029910413
799,571.8807579063292
800,820.1737589220202
801,1095.8861333076013
802,1042.6376369678967
803,361.1561279661006
804,367.8163253876967
805,115.03508277634116
807,2988.568914925557
808,3098.5585193025295
809,244.10512132147693
810,247.40173369504063
811,770.1163209231954
812,351.6567637164328
813,787.4179478030949
814,181.1788685649638
815,1213.4382194065593
816,541.4775917813171
817,311.01422672887645
818,4409.501406685154
819,440.8370988696932
820,215.91359784684656
821,234.74697997167954
822,165.081595077659
823,77.79336083261202
824,110.36536386350502
825,308.2776896776199
826,240.10935471142994
827,351.89079884602444
828,329.57198665935005
829,878.6200239150547
830,298.31259801196603
831,541.3077943855985
832,473.2243007897591
833,313.6691003680822
834,333.9037094402362
835,457.9660906014289
836,372.495452004969
837,290.3351757486154
838,338.31763478658144
839,164.33665668796036
840,123.63337652853491
841,204.5879733704142
842,179.54649143990065
843,513.4569617975719
844,469.2844677578513
2124,1211.124687003339
2125,126.03281127521565
2126,147.65788733912652
2127,116.6899680213515
2128,156.91767557953037
2129,80.7726561327636
2130,188.34033033792053
2131,193.59314813501467
2132,154.6441178304681
2133,86.32636166298836
2134,76.61618491829414
2135,400.9353102455338
2136,51.70539958307014
2137,55.853064728362725
2138,71.94329268993565
2139,74.12854581287296
2140,37.42295755492174
2141,152.64857360553364
2142,132.19943579329347
2143,129.45864725735396
2144,75.72974344017622
2145,43.25559563110324
2146,7.4245089446306505
2147,87.43303280269735
2148,175.61801311719253
2149,309.9620403270306
2150,52.787209002525046
2151,59.002087453032566
2152,57.744218237436115
2153,68.34316307456838
2154,319.83695668513485
2155,85.63812517660048
2156,51.01379059703065
2157,84.41599815471223
2158,81.57433190352208
2159,52.62895471703713
2160,65.77474940960846
2161,53.67605979451552
2162,499.3302511269025
2163,48.553453452511434
2164,46.31333064062273
2165,100.83206290055162
2166,30.867366942069943
2167,56.67845555667346
2168,43.27022469509034
2169,59.82452586359556
2170,56.40671491526117
2171,114.85970323867632
2172,56.76376429908522
2173,65.62715902521148
2174,108.83961339884053
2175,63.05751162593962
2176,112.7198993119427
2177,47.63145844463884
2178,66.6411630869859
2179,40.77058544679321
2180,66.4241667344213
2181,111.34286001539438
2182,105.60759632009915
2183,149.94446207931736
2184,130.85245663891007
2185,70.01320213999225
2186,45.87462963663986
2187,83.70827659356101
2188,174.75536618917883
2189,10.594780571685309
2190,103.21013095856489
2191,31.350745447438197
2192,609.2923688295518
2193,21.04241034117783
2194,24.634959103385675
2195,28.286031460870674
2196,25.56079938306533
2197,17.61814215297589
2198,42.05765533513038
2199,27.10876979456181
2200,18.906650852889946
2201,17.221543687182972
2202,16.044663839578153
2203,89.39045394758384
1348,12444.617167540939
1349,5194.944077586377
1350,1512.0481298754655
1351,1205.2514850471619
1352,638.924095415874
1353,70.72416602570812
1354,728.7623293642931
1355,154.19167018849075
1356,113.05519841504025
1357,156.80607450239944
1358,368.55382084222487
1359,139.4660087738855
1360,158.74083507385276
1361,253.16001166254682
1362,3721.9404493212155
1363,1198.2374640712237
1364,1930.0374945570811
1365,453.6239480154095
1367,1688.6149926443918
1368,234.6745987421743
1370,7385.278277795886
1371,12208.978734178741
1372,1489.769094027797
1373,2350.3969796350693
1374,721.2677401449598
1375,861.4544687822721
1376,4499.822824695994
1377,599.570284642551
1378,2037.0371040412595
1379,360.5496563795603
1380,1212.974808218354
1381,522.384792966842
1382,195.05298077270803
1383,773.5489791807574
1384,400.02109390771284
1385,891.6967957742428
1386,547.694337620428
1387,723.3248826393512
1388,775.0619315418527
1389,831.8546666481546
1390,621.5841355910464
1391,631.8020891738468
1392,345.14290368729377
1393,327.0875171586757
1394,244.46855469286444
1395,239.0093368700045
1396,1106.7658872564507
1397,950.6784691007305
1398,299.63028697644506
1399,959.3762537955633
1400,816.9761560469208
1401,249.61419382429364
1402,1146.7819760473697
1403,49.63541623764002
1404,387.35279055800504
1405,200.08602195181973
1406,307.5231014037165
1407,309.513340011645
1408,131.73125431577876
1409,137.25051785760178
1410,263.50459068503096
1411,99.94195523953107
1412,367.3650638344815
1413,218.9455414337979
1414,514.2223026913596
1415,107.23350572791749
1416,229.8409649976707
1417,246.82452850163023
1418,164.42929397963272
1419,172.88599546374536
1420,207.39376421882605
1421,266.56102112094214
1422,539.3286636374281
1423,306.250840141301
1424,758.2036163261423
1425,529.150275709473
1426,141.46585148516255
1427,193.61896568886286
1428,72.6546169130738
1429,87.91598158523004
1430,521.1826872147469
1431,442.06634123299943
1432,254.553787403789
1433,9999.0648078786
1434,5660.450214366767
1435,105.83193680618479
1436,1258.6499028379544
1437,401.8133074993096
1438,329.83852643058106
1439,705.1892451479761
1440,650.9575047123183
1441,560.4809784996916
1442,1701.6696702037739
1443,96.78912144084697
1444,637.2729494017722
1445,199.055375944296
1446,219.43099606214332
1447,312.780653717051
1448,1317.1500558886523
1449,1699.4762240483478
1450,187.8565466142068
1451,600.7011551398028
1452,1742.1614574770192
1453,236.4374966676919
1454,342.7418427702537
1455,138.55541599832242
1456,696.2151834999354
1457,162.38972106618633
1458,268.2372964379455
1459,172.04912658879914
1460,275.7709427843355
1461,102.6210140165302
1462,76.14288462174089
1463,79.73816448400846
1464,127.6320862772952
1465,190.5266167634083
1466,128.83565675757674
1467,133.68925135578905
1468,674.4660962124817
1469,303.48223262058184
1470,56.16466138643222
1471,262.64122405775726
1472,64.93598323767291
1473,484.6854966508549
1474,442.21698716902824
1475,165.82446946467132
1476,132.51893694885237
1477,518.0840349692397
1478,324.99874502259325
1479,293.7991325411994
1480,521.9618950767739
1481,286.0803565101482
1482,402.7959521112384
1483,624.7068358580515
1484,251.70663243186948
1485,289.9753346166281
1486,440.8073641619024
1487,367.3349681666099
1488,36.26052434005795
1489,376.9861402237012
1490,252.21283193914405
1491,85.87322569453082
1492,182.30572884735233
1493,77.11332647034583
1494,666.1749372097943
1495,214.70624797748275
1496,121.88655864452267
1497,96.19521903606653
1498,170.70522037395338
1499,117.78642253737362
1500,16.026839482211116
1501,205.29833912237072
1502,79.85834715024842
1503,125.53509215751326
1504,388.4704919425805
1505,99.8569255949636
1506,68.07761604571425
1507,109.6693029173057
1508,99.26787531960981
1509,104.37536617587033
1510,204.8012321231883
1511,104.35319751511493
1512,190.56026574835906
1513,74.78241232707774
1514,263.1890074494753
1515,142.04628471712815
1516,188.75462695173533
1517,148.0620762692501
1518,136.11064027646182
1519,155.27198259296054
1520,66.55418053166153
1521,38.03171142404783
1522,36.118921722346926
1523,69.67807549981488
1524,76.01209808426347
1525,68.42891590404753
1526,116.87933081471165
1527,149.23831046771258
1528,69.09480871235526
1529,69.09111977931231
1530,122.70974486424954
1531,80.97099402405618
1532,27.93748353269894
1533,78.74596861193803
1534,42.51070547806374
1535,93.9895242164663
1536,60.00832268634905
1745,2574.758322839456
1746,258.7658427864768
1747,188.87471612374037
1748,230.3841445953244
1749,387.01028334906675
1750,38.03192555806782
1751,236.80698166677217
1752,727.7072235814884
1753,619.0905446261929
1754,262.21605014958413
1755,1093.258433368631
1756,200.0482562760253
1757,133.63341471219007
1758,108.80198489459869
1759,97.93530340540767
1760,86.99212165717219
1761,97.3149629076697
1762,93.30043966513351
1763,96.87137139094501
1764,240.91834896430333
1765,152.29694571097315
1766,489.4295587970352
1767,305.41190540237574
1768,458.93849239202007
1769,144.20069479666162
1770,184.56902568019404
1771,105.33772661986853
1772,123.3249836121659
1773,106.79224976432776
1774,89.91934418717854
1775,48.96811003512475
1776,105.61827561391163
1777,144.884587834379
1778,105.38467715194972
1779,63.06284025791154
1780,82.83172751493775
1781,228.2161773482749
1782,48.72917838972211
1783,424.59699600761735
1784,172.64933428601736
1785,101.67907108058131
1786,117.7357417609279
1787,115.3460668330155
1788,84.70506841969535
1789,71.22067099673576
1790,160.43032731543437
1791,396.51598278698617
1792,343.48645651760205
1793,322.8431382947721
1794,432.9978216244091
1795,355.4117677705492
1796,255.2610317412171
1797,513.6984513320275
1798,212.8214940571068
1799,197.84354292198861
1800,68.02553332019637
1801,64.82110680213931
1802,53.692204423283115
1803,84.57399823350049
1804,124.25161307509323
1805,101.08641018885614
1806,61.06774128220596
1807,78.5350368669514
1808,46.21661293857727
1809,117.92508278456971
1810,78.43144329138737
1811,79.10435812542251
1812,47.58111624891849
1813,154.5311694176049
1814,45.776574588504474
1815,226.27766278514866
1816,161.29042447848872
1817,74.00064010708638
1818,103.5439696482107
1819,133.0214561500049
1820,93.99755660968314
1821,124.04692310136348
1822,98.84280943622012
1823,177.17471488100915
1824,129.19139783186566
1825,184.7402360130083
1826,74.93206999675606
1537,31.82260802420392
1538,284.8805151308514
1539,654.3262433491886
1540,1234.2143425338074
1541,192.1317266661023
1542,251.4252369643292
1543,228.3363851085811
1544,221.25923167650316
1545,142.62237284789467
1546,777.7777524646949
1547,234.34206013917972
1548,238.90612550750942
1549,121.4607483468188
1550,185.9079406459225
1551,137.49471093948927
1552,86.92640411494253
1553,193.9547808582135
1554,0.0
1557,156.26679132104283
1558,158.33402336072578
14,167.55724142870255
15,390.24636426254335
16,289.03846364419127
17,287.9590079784711
18,139.57827257906462
19,155.10227684242818
20,84.9486680854108
21,96.30971720588376
22,233.8431709026524
23,250.68050691075175
24,259.3530292425925
25,305.36071908117356
26,277.2461518821142
27,343.3514618578179
28,364.9664638867696
29,254.54949587565608
30,151.88333178080455
31,1206.9419124736883
32,603.6160802764543
33,722.1601105427441
34,484.4785910919293
35,507.48414706309825
36,348.3719551229375
37,541.2448973254328
38,484.1481884356889
39,203.54704315799196
40,513.7322003619444
41,770.2208428583797
42,839.6907379220352
43,274.2802476914807
44,158.04972076888987
45,227.1654071059907
46,434.6448761435549
47,153.53906095244787
48,190.96644899147358
49,483.48067784026495
50,173.5124547382985
51,134.36135497202886
52,198.55428821843816
53,411.7385175235749
54,777.057534466532
55,91.60105438594431
56,292.5226909111527
57,65.72319252719574
58,92.9641661963348
59,137.6616151378837
60,113.76177776099058
61,182.3993946610131
62,100.75612697419753
63,650.5393877354741
64,24.764546879415416
65,398.473711867593
66,122.81389630316808
67,90.80634036351864
68,61.02919162291203
69,157.03399765351782
70,65.90602521999807
71,60.79296617454027
72,356.0961987773835
73,88.03151318412527
74,37.7558917165848
75,66.90715843546582
76,56.475434158144665
77,157.9724909758801
78,147.37513150138201
79,135.98696287062137
80,91.0641770839457
81,302.3116269574149
82,46.54156904932068
83,213.08845225446254
84,631.8292724740036
85,289.73472168749754
86,57.20709771212614
87,158.2198365249508
88,165.6717010450395
89,108.20304294985425
90,270.47632582685486
91,42.76068655100761
92,99.30496964633387
93,63.177146200469934
94,160.80349257928336
95,153.2302634257483
96,85.27469339414853
97,128.07633703197635
98,117.09949641237581
99,32.819149359340535
100,220.24246612962634
101,400.3793534574465
102,327.8846735156488
103,122.25730238751319
104,143.13748871315667
105,97.19216967369938
106,224.6221876694271
107,109.9727742168374
108,58.988625701162285
109,62.84503084769849
110,61.53223032002392
111,109.04171584296341
112,48.47917203874632
113,194.53332683436565
114,207.47775947422565
115,166.26282796396703
116,141.99872041592494
117,118.203099050577
118,42.14177488863531
119,36.853358646558874
120,321.9662060876825
121,180.82809888120468
122,224.43051934003248
123,304.71114956933775
124,142.89915099204745
125,141.03074666038978
126,206.1987113939428
127,172.92539020815713
128,44.66702022174095
129,622.1832968819137
130,350.4872617990685
131,161.15913600318493
132,60.67352694548629
133,192.46076965518677
134,189.4688435687489
135,128.91333746574546
136,89.86326245998069
137,267.8744591857536
138,90.44563300835026
139,299.8170369059638
140,510.40772063838267
141,1172.4333273551508
142,310.7372997568226
143,1034.9526292863184
144,425.7927087448234
145,253.97714557916035
146,392.9930283999799
147,100.06494084279925
148,273.04914048878925
149,183.228053666822
150,432.43818256550117
151,490.3542813265374
152,103.90922541412414
153,127.7382360294964
154,124.14680748922679
155,67.85316039396176
156,80.59798418860437
157,128.1137957997159
158,312.1208462299424
159,202.9274873016008
160,143.61310143187367
161,195.2048436774396
162,185.18987671788392
1043,2858.493650734843
1044,1139.432071102618
1045,987.9167080768881
1046,1438.120077666626
1047,1541.631048656764
1048,1050.156234141281
1049,1045.156031323708
1050,51.39511523939152
1051,439.6059755176357
1052,249.64745973709898
1053,391.00471469440356
1054,537.7040760553491
1055,397.85628830421524
1056,825.9034874317965
1057,527.6816746724135
1058,645.9544822673065
1059,224.6569171825006
1060,371.4533262919515
1061,310.7289437602476
1062,1116.954017623875
1063,273.22782842779156
1064,549.0581355508751
1065,555.218602524388
1066,167.91312187908062
1067,336.18033262134344
1068,348.56009646433006
1069,1081.730891492351
1070,411.46362950395377
1071,204.66281446380827
1072,633.9065597690716
1073,446.7955493778687
1074,594.9356876287173
1075,257.8597407266547
1076,368.4663039348654
1077,501.1479696280256
1078,1002.5569930549929
1079,217.7282178377572
1080,263.058367125249
1081,307.89777012947565
1082,261.7407585682347
1083,919.049923703453
1084,219.07381125156104
1085,218.2928447643455
1086,161.11124197551106
1087,286.743696845811
1088,329.411902433359
1089,322.30871302427266
1090,406.6533549442692
1091,56.769567416772624
1092,318.7255209372636
1093,589.973865273123
1094,334.3448480360909
1095,394.7887761838781
1096,621.2331234624891
1097,403.58833049066044
1098,585.8695078090526
1099,355.4602881542237
1100,293.4660878044579
1101,161.9630087092293
1102,244.89296680130582
1103,209.79156441064913
1104,601.6480337339457
1106,949.0766969733247
1107,286.6590748791423
1108,427.6876644479713
1109,1005.6830750767576
1110,630.4949998303637
1111,70.2101915434758
1112,410.05165510836724
1113,293.3074713907239
1114,593.3253105989588
1115,52.57124452728386
1116,533.0356567559247
1117,435.8417588328248
1118,169.24856533135804
1119,30.311587401441432
1120,588.5954661958654
1121,688.4217134787438
1122,181.98547920340818
1123,352.56522037817
1124,312.94761753475944
1125,393.8027832841321
1126,253.61874515720044
1127,320.21623190613843
1128,165.90802251831073
1129,361.26286278056705
1130,407.1411449905036
1131,221.09436419158666
1132,531.9947232437025
1133,535.2073754722023
1134,244.3267268204236
1135,188.11895072483313
1136,175.9599915309108
1137,235.98431715582396
1138,340.0427337702509
1139,310.0475577334139
1140,574.756753680395
1141,675.6514062584232
1142,252.04592216781566
1143,245.58916472556663
1144,180.8256296608549
1145,249.826100634751
1146,323.8620239603592
1147,298.69807184366397
1148,191.82444490551825
1149,278.1169553677117
1150,38.531060193238545
1151,225.86324586177014
1152,303.59633447029404
1153,575.072569664421
1154,204.24424594911872
1155,340.915614790987
1156,353.67333122736915
1157,318.4717244497055
1158,342.7784926457224
1159,409.87653183420565
1160,29.317312765388056
1161,375.7768164751185
1162,327.36141768771205
1163,285.9479636286339
1164,246.35832269797623
1165,568.8082953687355
1166,326.2773020714917
1167,291.4167011385491
1168,290.7190097189927
1169,203.39760403116978
464,2343.326605488709
465,384.49710096101694
466,188.66505886596704
467,65.44503099582634
468,276.4225191359247
469,160.55794892093846
470,61.871877406747835
471,74.30110198298236
472,83.5871500329678
473,330.79462217620426
474,690.0576962243117
475,234.59988979664737
476,367.57856940514904
477,358.3828752528233
478,132.39651495432457
479,84.37395874810684
480,61.726828050262526
481,74.1060921356877
482,72.91692428503269
483,70.74202490488176
484,38.89747160520225
485,92.12013263990893
486,121.8246511776076
487,170.80034929809406
488,95.24831561830847
489,118.31338237438814
490,138.69963582952985
491,159.0633881280041
492,69.72508871621264
493,46.91042914299899
494,156.83086436958365
495,66.13616046411288
496,41.575838431529945
497,161.34867756898947
498,47.52088010488202
499,1075.2325076461045
500,264.6242852539886
501,189.1810227614397
502,62.67045399999866
503,227.21401536287874
504,142.106330997267
505,22.367914416073038
506,71.54101491920412
507,124.7838381000874
508,122.10652445396188
509,58.138300359747696
510,79.58323589809645
511,27.871540700784845
512,93.32011238654376
513,203.22836719460332
514,52.683450136063406
515,242.8929157644408
516,152.9542142700539
517,239.49093611747432
518,112.40881888355514
519,41.64579934160571
520,223.26535511276978
521,224.82634880519956
522,178.2206825717093
523,17.760480501414218
524,163.31647482194137
525,26.85762261149727
526,12.477561243528177
527,95.80782983596794
528,77.7902708700842
529,133.30645974658523
530,85.98884190667987
531,79.85313240329589
532,67.8889719576326
533,76.03771324496958
534,63.391831281605185
535,67.60539563136516
536,317.2441819005744
537,351.8169246099312
538,122.62189738847985
539,20.55151426105972
540,18.036109315979992
541,26.423145819886948
1170,11688.689824245033
1171,352.8891784731195
1172,654.7336523802068
1173,1047.9406565173176
1174,530.86868615967
1175,372.91338765343914
1176,96.1852682957124
1177,99.38614352707421
1178,114.10178392120466
1179,412.77384461965755
1180,315.3297944055798
1181,557.9175959965935
1182,1152.4226771697763
1183,273.9450535290256
1184,175.55482357158743
1185,253.09713532287856
1186,494.6451135914378
1187,258.88641061136514
1188,777.560470830167
1189,578.6943971523237
1190,577.3311037905488
1191,229.41358701427137
1192,1450.4972221975165
1193,568.7874756973845
1194,838.0131960690528
1195,241.27045529213518
1196,341.19008907605576
1197,650.76615087954
1198,499.74415683263754
1199,963.112423812046
1200,1007.392028039291
1201,496.75950032763416
1202,610.2824644363357
1203,449.4923432646552
1204,198.54652316376365
1205,181.66837406697746
1206,223.84521010945593
1207,404.9860637105022
1208,248.01424243109284
1209,876.8616014716923
1210,462.97785343541796
1211,499.061487639817
1212,539.4643975473971
1213,368.91261412274145
1214,230.29268049366507
1215,542.8245475041186
1216,541.0331340175729
1217,126.69167313457895
1218,80.67748306135653
1219,182.78773762975757
1220,167.88741609842685
1221,121.67653758348925
1222,248.14295587829014
1223,282.3550617085661
1224,261.2269113471621
1225,358.14975947772376
1226,305.7980868434966
1227,488.5736092093042
1228,361.0575740202978
1229,126.61559526629622
1230,198.74751106006048
1231,180.62135885336517
1232,521.5857034301573
1233,928.2341592196201
1234,394.36397928667463
1235,237.3879711623245
1236,302.4050008649084
1237,97.87378500533524
1238,153.03678115894962
1239,97.94642938994964
1240,108.2768566884714
1241,73.64164370510758
1242,98.40178862355697
1243,907.2079816311226
1244,844.3151027871646
1245,686.0150566982728
1246,50.68166475972961
1247,2602.3132944920867
1248,996.782488922427
1249,3891.3991247594568
1250,1816.4469870670737
1251,1191.7040312234653
1252,508.0727878997271
1253,881.4406936803454
1254,492.54883743238554
1255,184.9226077088507
1256,88.70081409692467
1257,692.1439877135799
1258,373.0742437541986
1259,2888.9720527627433
1260,483.893693989394
1261,97.63176238257257
1262,161.6944893156291
1263,487.9115010742451
1264,1215.1637483127884
1265,160.35441823229786
1266,307.6507151416918
1267,302.8015291784099
1268,496.3919449413627
1269,382.225300279663
1270,111.61028623632741
1271,383.33710905669966
1272,264.90293414376004
1273,468.5868070301416
1274,182.39779668655422
1275,174.12230078199252
1276,123.86975725997202
1277,173.21286701614076
1278,86.56865096617184
1279,148.95349664998864
1280,504.4903577102276
1281,1264.9563235431697
1282,350.71389445132485
1283,465.96269233396947
1284,284.9014611430506
1285,433.6777776076836
1286,311.44840574237526
1287,1243.8724027001072
1288,191.09250304550594
1289,362.08446144501886
1290,353.5424972856616
1291,261.87276602787216
1292,877.6329988834789
1293,296.01569482835913
1294,121.26762919979605
1295,244.1885747732289
1296,208.59458414470018
1297,100.65911278223477
1298,575.0801321180842
1299,280.1016523226437
1300,450.7524869186077
1301,365.83816732382337
1302,278.74914554525884
1303,632.0373509960986
1304,485.08961241111905
1305,265.141650709539
1306,270.51754884500804
1307,136.06945858066467
1308,251.55687802671912
1309,84.99572411090918
1310,50.989336810038736
1311,128.48965784325475
1312,336.8262075633542
1313,500.21493513161073
1314,396.0881347075064
1315,256.5697233390514
1316,102.08219593446086
1317,170.19066532380853
1318,90.33659181897706
1319,206.2303415582476
1320,159.81479142092124
1321,122.0123935767819
1322,164.12857512298996
1323,289.4101044127973
1324,272.32394009834223
1325,114.53924246174743
1326,171.76795568710935
1327,114.15850705109762
1328,110.09416839157997
1329,85.68807666953471
1330,313.1632295952139
1331,85.55902193076216
1332,48.66033272064096
1333,174.18828941247588
1335,342.1328652783607
1336,365.77857700997225
1337,197.6847856029151
1338,953.0187458715865
1339,101.87993044571185
1340,73.10458178254527
1341,143.37267035709303
1342,54.716590133863505
1343,42.10446972144836
1344,36.208095495814106
1345,140.74110325370876
1346,92.5141607193683
1347,0.0
415,1192.8119558853487
416,462.62544786070833
417,441.45939332651847
418,397.1131743580036
419,395.56564732700065
420,411.22407452146535
421,799.3078517359455
422,198.61640284774936
423,239.7412479789104
424,206.08429291377007
425,232.35837642707932
426,68.55966088171422
427,274.79852700188724
428,314.49823274387103
429,737.5712633847946
430,179.8204279159756
431,27.396044377911277
432,217.26049471512286
433,493.78727397546373
434,164.30566136355392
435,298.4244262842883
436,109.05201602189942
437,113.3074749593321
438,256.3522826553873
439,105.00849320298414
440,149.18382935593047
441,157.94843011201723
442,85.67149993478591
443,30.33702443280763
444,61.76517685502657
445,105.59250524525231
446,212.3777070112208
447,596.1269754973248
448,312.6154770357352
449,200.2675372909041
450,347.5029091991554
451,45.93173560388289
452,134.45931796158487
453,145.02146567667586
454,273.29190654247924
455,150.80617764043228
456,75.0903065309142
457,26.557407202059927
458,204.94165929365474
459,33.01127086404762
460,277.6593499648308
461,116.43080806648062
462,90.67259272813297
463,141.00678528797783
845,180.04411469868532
846,1419.936859836567
847,2267.7945802331938
848,122.94274323328942
849,369.91915567652467
850,513.3723115212717
851,163.25873359714942
852,393.1403837801367
853,1105.700457862105
854,81.07116567253023
855,778.6367887070079
856,410.65112138861423
857,246.44550078350187
858,228.91756959952542
859,312.4354736784238
860,233.21517203421607
861,246.3709979675126
862,193.61028995073613
863,119.09892799060388
864,120.06124422750538
865,223.65021260453457
866,1007.5136158171618
867,488.8919303812217
869,445.92674144002603
870,476.12931288702555
871,48.392607824160194
872,232.35215158148685
873,220.7489776562888
874,175.34493541338685
875,152.4638104311384
876,126.33761381602096
877,102.60231105971332
878,165.69908345787084
879,95.04760910492622
880,117.63495082378645
881,219.54024042498295
882,267.8717211463267
883,223.9439168285016
884,170.98282046638911
885,142.27953905319464
886,94.90082631799052
887,194.3665689043751
888,588.2909197935239
889,101.80965974101761
890,526.1032560152512
891,197.18228186617597
892,198.12551553742617
893,203.4756989173047
894,180.43574179349443
895,238.78378490892084
896,186.2871037034715
897,123.78234569555697
898,217.44318123957692
899,147.82108927670893
900,84.36616376333426
901,436.23671971465734
902,241.3973665009363
903,172.48215762096137
904,214.5516662606575
905,174.53247378897072
906,90.89081319103256
907,71.07120710026147
908,743.1784846301501
909,444.8370184778111
910,360.62567922094854
911,477.96905820025825
912,142.11231869223604
913,124.07725089278865
914,171.13441390149598
915,273.3531563026893
916,115.35590589916237
917,191.408695918936
918,134.84464024949804
919,78.26092489137082
920,223.7185499588915
921,83.9931192999799
922,151.82736447866964
923,493.0311706300288
924,265.76819259793933
925,248.5993224500139
926,231.64471135020057
927,74.13479817070134
928,186.16119916778507
929,256.85853417607143
930,420.6393859921664
931,178.45993761484448
932,143.44896681204435
933,181.7429637144707
547,4104.843576231141
548,3023.3938570848013
549,1124.041397061652
550,852.3598851889332
551,571.5794860865378
552,826.4838190924143
553,1814.6314073362603
554,5580.77404664536
555,3844.4324778964615
556,2613.642221419579
557,247.20303045108164
558,795.3678655555393
559,651.2400365457748
560,2691.125529389693
561,693.7894025542656
562,695.3274546080474
563,985.6393234927931
564,372.5452056184008
565,1068.6516021574337
566,1419.2410591229934
567,5847.214903580637
568,1131.6984862689278
569,5683.557333557902
570,2775.2980937545235
571,2169.2407014724427
572,4483.012703775519
573,2614.935735376679
574,680.3154847797862
575,242.87771363516444
576,683.4804899483364
577,632.8025835490578
578,622.130317677106
579,1088.8870687870053
580,1482.245689409395
581,1110.6470584895596
582,229.4046102030458
583,679.406292406005
584,1175.8806550797212
585,585.1061496576009
586,349.3279620160781
587,267.1903535687276
588,568.4887990179901
589,823.393325411136
590,506.53325901856533
591,330.7886184386857
592,618.7069136256804
593,403.759451235781
594,209.08388021546492
595,281.2231041476622
596,406.7419208829146
597,497.08867265619216
598,403.50614111270824
599,541.8322053329202
600,903.617999213657
601,753.9896831610192
602,529.4409322849757
603,652.1273508118334
604,3785.940596885691
605,768.9362623514331
606,1009.0924282575986
607,939.5095559760811
608,5957.244527001285
609,777.1986831250907
610,1373.490986706399
611,2343.5062184968438
612,546.3011794764263
613,1081.8084759894386
614,282.7227146074588
615,937.397524796237
616,897.7901975101275
617,1092.6143010688918
618,1183.7371202462193
619,29.165199860027645
620,543.2643951302358
621,808.876611267027
622,724.8449477754556
623,675.2627463724756
357,5879.38412026774
358,563.4103318996686
359,161.4112801462827
360,331.08399966943375
361,661.419858735754
362,3080.443245106145
363,0.0
364,1531.760561394338
365,654.4915779397592
366,515.842903093158
367,855.2001868054489
368,338.7846970646209
369,191.20671043308147
370,887.2055377903126
371,263.9930521848748
372,163.748780658835
373,127.65564776934845
374,170.49728816722242
375,226.48382967534167
376,171.28116463106986
377,159.43876474970315
378,20.518338977730032
379,100.30516255384221
380,195.53615184513305
381,115.97197996333406
382,203.7501585630305
383,186.6003723785737
384,149.05993660293757
385,352.20876925205897
386,252.22603024597433
387,151.76293102191437
388,563.1266846293408
389,405.7732527859874
390,18.532000217518007
391,299.265749845292
392,257.2510646757432
393,152.0496913440632
394,642.3727865056873
395,395.07267827309744
396,10.666913870372827
397,706.4281702554031
398,251.16103598397004
399,4.47707289761643
400,211.28221432498688
401,114.53776419254613
402,366.320724436968
403,40.36652345658294
404,149.19292154847696
405,49.87180206485362
406,286.8194367674798
407,153.09019765308048
408,97.96628975706754
409,172.816767982
410,132.35387026747188
411,454.37316517428195
412,147.52886841366663
413,140.18520016319707
414,229.4337829265846
269,1027.7464110498918
270,781.5859121151188
271,156.19418957537604
272,201.08504488995516
273,81.60035186217846
274,90.3503952472316
275,1823.1181411348643
276,262.72260478474203
277,128.09378324539017
278,183.69215695616563
279,143.7485294815203
280,484.7634759533386
281,103.35257564567941
282,90.97342617380139
283,81.37273828056134
284,51.97165826244774
285,133.63190821553061
286,126.23892578249769
287,222.72615510227007
288,130.54324519599814
289,138.77097725286836
290,474.620030171112
291,178.86855284084004
292,251.44335880151203
293,191.2910065187426
294,58.22011155808802
295,140.10485400038064
296,166.44862886483196
297,115.8767572175776
298,460.5227068915742
299,1026.103281669579
300,874.3792326165657
301,172.09328410493325
302,377.0184544471844
303,215.35818089491718
304,402.9167500174659
305,859.0003186045914
306,140.2570841314421
307,56.955066048517956
308,159.76233423224693
309,177.09958869859807
310,32.161259312327175
311,41.72210011747894
312,129.19222549994154
313,90.86850720321384
314,96.38819374535893
315,200.88329689496535
316,201.7826276956216
317,37.724089439709076
318,91.3592144093226
319,84.64517294803679
320,146.36987268965748
321,71.89686690257977
322,86.11856997507401
323,67.83782155879702
324,6.756346288123403
325,164.91277394843627
326,69.6695971932943
327,42.688504611053354
328,128.15889648147606
329,123.59969268480275
330,96.42589401250716
331,37.097793363508615
332,41.467737006622094
333,26.686974772065923
334,64.1358820760239
335,59.416329607309905
337,94.31811090280246
338,53.16281394218293
339,35.357557233227915
340,52.210809314486276
341,47.76414111654625
342,77.7570353387736
343,217.18661772483668
344,50.66572617837782
345,58.70821701659486
346,46.11619138152845
347,205.39214253325233
348,79.61657636711843
349,76.1966867787866
350,139.07818237146748
351,89.43757093219094
352,56.19809641326318
353,118.53644017000951
354,448.8657089071388
355,200.0467712899511
356,30.79617511204783
2245,609.5631577134526
2246,479.9746839960443
2247,160.15342636689527
2248,88.09540636483321
2249,371.30585764401326
2250,96.68203747031515
2251,161.19685207365362
2252,136.94466559484587
2253,170.66143506555815
2254,172.39022036474833
2255,115.9172285658817
2256,150.5128025367059
2257,263.383790415246
2258,545.7361612254931
2259,122.15486777073156
2260,87.99740030083899
2261,72.69711675382067
2262,24.016175459201495
2263,41.12628536546536
2264,50.040428952256654
2204,114.97565340122596
2205,89.0726875160798
2206,1001.4619341888472
2207,62.65473772675153
2208,49.54300405095873
2209,161.13343147761137
2210,106.98867960286694
2211,107.43811599368694
2212,97.83341481085492
2213,39.19821869676254
2214,18.657184478880442
2215,31.91968251047308
2216,61.448871300311964
2217,32.640788229207445
2218,22.437087938348043
2219,39.5010134635321
2220,20.47562238998966
2221,19.404150384651267
2222,33.3858796843643
2223,16.8471273088527
2224,80.46610762396422
2225,14.143006552666462
2226,28.884498049450734
2227,21.49732483717244
2228,4.166506580216864
2229,5.255692285957092
2230,5.4220187464152385
2231,6.475666641959217
2232,5.715902030116196
2233,13.726858956658669
2234,13.284652384263179
2235,10.809747995068834
2236,12.219375584297175
2237,11.749084069999139
2238,9.228056625699995
2239,117.83058388338783
2240,370.1378419221954
2241,52.928987405535146
2242,8.718320596631916
2243,50.0386185761401
2244,36.20386349794632
1589,3699.146077957981
1590,244.53181248617864
1591,5317.5416468866315
1592,459.2708900323293
1593,412.0315189645468
1594,787.3613534129275
1595,330.1188621926378
1596,204.8130485762331
1597,666.2473390975069
1598,632.0917766517078
1599,603.4457427031214
1600,376.82420055699487
1601,895.5232428730895
1602,604.8211379075285
1603,743.7300432880819
1604,524.5920429704438
1605,881.2963028269111
1606,165.8968774477135
1607,191.27418334971185
1608,860.5199464147867
1609,554.8811130446155
1610,449.0501034509098
1611,202.57712258023906
1612,354.1602610506248
1613,1121.0663833013461
1614,306.37847575523546
1615,373.8275704390416
1616,339.5669966151693
1617,336.8932723810863
1618,485.2106885792019
1619,354.4160755345222
1620,208.90283510154998
1621,286.7912904929585
1622,109.53349933899533
1623,73.18913906449556
1624,72.8826074955041
1625,423.77833402795164
1626,450.1336160114777
1627,141.55108011469392
1628,68.73743262434206
1629,149.1136502379997
1630,146.45680701527303
1631,582.2380343583407
1632,461.6578445163346
1633,299.78416950494614
1634,604.3070232069233
1635,445.0614870732474
1636,522.1498690960825
1637,291.83922992590954
1638,792.2789062186494
1639,233.09152243217272
1640,107.83704901369303
1641,200.86988776558252
1642,176.48111402919756
1643,264.66807656054135
1644,65.40962113835162
1645,336.5424434426462
1646,788.9591093383062
1647,361.4089626359124
1648,214.43434285464897
1649,190.84373739719805
1650,185.7668991088453
1651,214.47547227066775
1652,244.3971633298688
1653,743.0461953539842
1654,457.5230230656878
1655,468.25397169041497
1656,319.39552530863085
1657,170.26109125333574
1658,82.46002580028316
1659,609.7925571935676
1660,795.8372703116333
1661,265.5176386689794
1662,332.8941003820863
1663,154.52944499210594
1664,288.2958107127128
1665,189.97622130977462
1666,215.84486121502695
1667,121.81613698164637
1668,143.0269304378034
1669,274.8244709229606
1670,356.34375837153567
1671,188.26598244735894
1672,380.2608131025865
1673,99.45256516641912
1674,64.88354026559803
1675,581.9518389031521
1676,321.6624224645214
1677,140.3401535557637
1678,411.14090541543413
1679,331.5264178005252
1680,168.90609522192167
1681,153.3206480379869
1682,121.8123645288542
1683,135.55489513972645
1684,130.95965442822612
1685,97.97609762580599
1686,99.91001227332661
1687,187.04925786860946
1688,55.623068768244536
1689,158.63264922440123
1690,162.50742269077483
1691,196.53759398348978
1692,165.55373297910165
1693,462.41512029163624
1694,483.67768699871743
1695,319.76652706851814
1696,743.8604983875683
1697,196.79498394868958
1698,41.75433899650455
1699,87.71291847820568
1700,34.14911441552488
1701,37.322435646583216
1702,19.928106989598483
1703,31.218154457374737
1704,29.038411977286327
1705,30.68815241361861
1706,11.792622550817208
1707,15.049967094499756
1708,26.438203302116637
1709,18.61496970567218
1710,84.50651020063331
1711,43.851029897314916
1712,18.7939076308433
1713,72.41144659658994
1714,21.276990957371588
1715,16.24158876222671
1716,8.549644661848609
1717,11.763775583751931
1718,11.558100231467519
1719,11.246817654243443
1720,14.998066690884281
1721,9.11530091062808
1722,8.314761753499027
1723,16.918202440517202
1724,14.404493721713926
1725,9.945960127605728
1726,9.998184912058612
1727,8.260533973430244
1728,499.2884088806204
1729,49.51966750158379
1730,285.5329463438266
1731,101.73707837913798
1732,321.5597608980212
1733,167.71163487562131
1734,62.80731840208364
1735,37.07655682749715
1736,39.53506115183049
1737,60.22276471405812
1738,40.79896472713941
1739,38.7685687707543
1740,145.57011831498775
1741,47.986315089656976
1742,55.2692246894999
1743,35.805467789282005
1744,89.0870812784769
2028,4235.370953859144
2029,3188.81160353753
2030,272.9651303071338
2031,435.8459806307205
2032,474.63684015550473
2033,147.46296129390444
2034,93.17048422625327
2035,287.28489184504235
2036,100.8149913609612
2037,484.9455288077163
2038,883.5468136783278
2039,236.1128731278119
2040,155.0227012139509
2041,164.53149447232036
2042,240.457395000593
2043,99.58898172303907
2044,67.60349105162275
2045,106.96082593812402
2046,386.8826820570006
2047,139.74146606625064
2048,529.2076636872595
2049,147.30190575463257
2050,407.5303062491322
2051,264.41395403929357
2052,211.9324832066939
2053,87.92040712090059
2054,207.9614395591938
2055,75.60287880567131
2056,142.3084094726607
2057,119.52565408631764
2058,135.5522581509032
2059,674.1131955663673
2060,369.04851761754355
2061,240.29849839530928
2062,70.48171518178977
2063,233.67374611338778
2064,193.87076324803812
2065,80.25132473021125
2066,229.3632063336307
2067,107.359036488387
2068,178.91138746404556
2069,411.5612557100964
2070,91.94333366216931
2071,327.2820272377179
2072,98.2893401264571
2073,92.34525820617662
2074,120.94555615829319
2075,98.57700262264267
2076,189.22652338607347
2077,252.37778084391002
2078,89.68302281482602
2079,92.00439915366871
2080,182.16396823195888
2081,71.73139700988467
2082,100.6405434277808
2083,126.04542594664021
2084,139.04416557473286
2085,457.81631548978254
2086,195.75001727098743
2087,133.16374624333508
2088,139.98208779700283
2089,157.16009068645076
2090,131.61501761849368
2091,87.93449690606212
2092,111.76731363424202
2093,63.496008921182685
2094,22.36490995107272
2095,735.3494053366168
2096,582.683895860836
2097,256.56366701011166
2098,215.8204381342094
2099,333.4976965551382
2100,343.7794740881125
2101,102.77825748378707
2102,40.67047644907907
2103,82.78804711881047
2104,33.88786531229254
2105,75.13943017599803
2106,93.03860530401349
2107,280.3874571870511
2108,127.6173152499103
2109,81.52498383259699
2110,153.80548889044297
2111,115.09419177476404
2112,103.48324081325462
2113,108.49225538289019
2114,31.788791301373752
2115,163.58776407779607
2116,71.71299178452168
2117,189.8124844181173
2118,261.59625940668917
2119,115.18535826960695
2120,108.44475582066416
2121,164.09093972827728
2122,139.42175660491216
2123,176.51886037216744
934,3802.8037354547737
935,1124.7879012700785
936,397.1712594354731
937,371.94764323901836
938,241.39289952249732
939,1439.464897690298
940,1701.1112122095683
941,1591.1955609650242
942,1027.5307273423136
943,1383.655003369384
944,2335.0225091907214
945,647.836620641962
946,4242.997045974772
947,466.6511178567303
948,361.8833202495153
949,429.0188146343848
950,1094.8060320781476
951,1023.8993465563029
952,684.4355835657154
953,324.68048455926026
954,374.68485909240286
955,932.9344114211998
956,1384.1089397861836
957,0.0
958,698.1492988232362
959,412.06583037495034
960,813.9032868028079
961,502.9274463113275
962,1194.756666444665
963,566.2094709392026
964,493.5409905910049
965,629.9820075239666
966,459.84332019478063
967,705.0054729839972
968,925.7487450275553
969,1283.6996746974198
970,774.8424533095011
971,502.3685889366427
972,808.1585946223488
973,548.2342243789818
974,746.834038077594
975,1133.157294005252
976,186.58317188556933
977,344.0314599459756
978,458.96682344363967
979,494.97795820137804
980,218.99951868629054
981,281.6741583350816
982,399.9037569824793
983,479.8207270956135
984,1001.1674197442353
985,1075.248200467087
986,560.3093554654055
987,424.90565975808346
988,1059.6249256819412
989,760.6874289457767
990,268.5939534104406
991,1375.290561440051
992,855.4902049507265
993,609.918101506482
994,1043.7906063151604
995,910.371028917827
996,514.7069235406744
997,960.6500486959485
998,1199.1918349673479
999,305.91099732717254
1000,346.8635032641664
1001,512.304134295978
1002,1040.0203220388742
1003,387.06968281643583
1004,421.7236556034382
1005,433.99317469960283
1006,264.4914205415799
1007,328.37924007896544
1008,74.84810414667811
1009,351.6232916325396
1010,248.90257782057844
1011,106.11565389744986
1012,272.44712933922636
1013,785.0646261087365
1014,274.0342735837982
1015,209.2228948261534
1016,208.21699829046634
1017,275.6193922809136
1018,279.2822837490845
1019,496.91650263534285
1020,373.70638330535076
1021,464.2121460617104
1022,624.656767466109
1023,262.109412609908
1024,362.9722671841229
1025,400.8406972191962
1026,568.832917592584
1027,313.37848839569017
1028,352.02451821786485
1029,211.2055858380755
1030,214.54137890338922
1031,219.55300148938065
1032,494.43756975110773
1033,887.7201401245012
1034,820.5922472616219
1035,470.09140979073015
1036,472.37085576487937
1037,280.0584257896905
1038,335.2508669108255
1039,485.45388520264703
1040,222.41309478936915
1041,182.96387502878142
1042,418.21304779110585
542,28206.307917887345
543,3572.93890290594
544,4145.656552789312
545,2396.529919284276
546,379.14670713314433
163,2767.128805980461
164,474.1741093774909
165,133.53475090608677
166,21.865306421170736
167,250.50040393200703
168,651.9218167483297
169,44.766532388392356
170,53.59369966953429
171,37.58698902626671
172,51.75000229034618
173,53.22870120540961
174,161.52395927831907
175,37.47340298265564
176,80.1761393277748
177,423.20642505158753
178,185.27698105782738
179,130.64908322319775
180,187.30202203970515
181,145.81417526239468
182,184.05976280960942
183,120.1097157060148
184,121.68533902763333
185,49.405984274573946
186,444.1369503638046
187,59.155583309633634
188,69.42095622397957
189,116.53666308258113
190,72.02466915253088
191,674.1006799779755
192,299.64105868485296
193,284.75286130951287
194,83.84112278554605
195,242.66687634645564
196,517.3184204800829
197,170.80757236659588
198,109.69137439356096
199,76.59223579557248
200,348.62963332119807
201,184.10415218119635
202,34.214657793557244
203,106.44081416390277
204,71.97010804573664
205,125.95703783830795
206,261.11221745550637
207,166.92246988609068
208,112.85386228532731
209,131.39011761613057
210,242.8269195504545
211,205.55507361593212
212,243.9462006558338
213,165.31724350954264
214,201.7197218833683
215,133.61980770177382
216,125.39585509242526
217,177.29834095689537
218,81.70576001933512
219,142.50060644297216
220,75.19065383780287
221,62.5045478554026
222,132.91476698709727
223,177.529684223258
224,87.82534298106741
225,163.68484225026455
226,36.37827153848913
227,66.51066502908317
228,74.74913267110779
229,77.74836742356872
230,122.07185696071348
231,48.36392552975695
232,128.55070836196035
233,26.547904105245276
234,38.36910120958762
235,93.30775910285399
236,82.29249113821939
237,56.598431219765985
238,138.56089578869273
239,287.27184899875897
240,70.57586159916845
241,94.37384319680173
242,211.1061206128002
243,157.77177536876934
244,55.00011155563063
245,99.52524833670975
246,59.196123166501486
247,29.61973309282827
248,197.41048034997954
249,21.499589048882928
250,31.146291358674876
251,10.917548531231056
252,84.43810080445596
253,75.70754720895461
254,90.22123361125293
255,107.54320334383348
256,283.0217848617891
257,73.39244820482894
258,127.95003032158809
259,90.17144705630176
260,95.08024707326216
261,87.21957699363365
262,62.847692264004635
263,154.69957696756816
264,56.13687653000927
265,39.77476218813233
266,35.906095709979425
267,68.50098295772813
268,253.30273819704098
8,10822.666621546594
9,683.6194358117749
10,547.7310103585813
11,431.96641405797493
12,1016.9998416917737
13,580.7466765333114
2265,2889.0601384277784
2266,433.0217698236637
2267,113.54117707299322
2268,116.25801439746472
2269,63.27032147724704
2270,434.41218436867786
2271,56.874717526547826
2272,47.142291441543215
2273,1059.1020577041556
2274,165.97386559088
2275,232.9378471606986
2276,255.8230478223924
2277,208.8851812176456
2278,149.18520173910008
2279,144.13506200579616
2280,35.13527532572243
2281,147.54532877133758
2282,104.47428164795444
2283,32.47401487614622
2284,920.5083938265144
2285,159.85332966327792
2286,124.03001608673351
2287,93.75434381280668
2288,23.680724435906715
2289,59.86856084037017
2290,117.76150368415098
2291,38.875675681743516
2292,27.718328528618823
2293,450.7620973343251
2294,71.8608577881031
2295,178.99735770817824
2296,95.68129196357802
2297,47.20106198249419
2298,76.54144469712925
2299,34.32256548068917
2300,151.9354393654085
2301,30.4655535124187
2302,55.018618382916316
2303,69.53838236097752
2304,12.70824430288698
2305,30.56980785446892
2306,11.379857385155619
2307,309.4219736892252
2308,64.05878506667172
2309,69.8541824276697
2310,50.18603357615468
2311,118.40155564272085
2312,124.53125927738499
2313,51.62427582215224
2314,50.59828361833872
2315,74.68931229237027
2316,215.65361932065827
2317,20.17118470983366
2318,119.57399157595884
2319,50.995241641980144
2320,34.035487433303416
2321,27.614784329333673
2322,21.424201154422946
2323,26.518805212084274
2324,9.556970185686106
2325,81.22812995204174
2326,3.0478207963110293
2327,80.01635618908831
2328,385.6222450456537
2329,143.55893112738943
2330,64.72550869733054
2331,92.4043101742576
2332,59.717640832967234
2333,46.85172519847516
2334,65.5589818213194
2335,91.89778719754433
2336,485.578319660578
2337,81.92231604523082
2338,619.264485570323
2339,72.6100636729062
2340,30.48064262749872
2341,46.562536126070135
2342,69.0013956920895
2343,28.91561148916769
2344,49.00353846951686
2345,59.72435550705282
2346,39.084200094095046
2347,16.466172295755488
2348,18.569525366333757
2349,54.57221829848849
1950,52.97872037572564
1951,13.419771084968607
1952,16.78650448240926
1953,11.060347352851357
1954,90.998779469046
1955,149.6478408191231
1956,10.04667346451549
1957,27.71687847506647
1958,26.98073561206616
1959,13.426837129474423
1960,20.96951611758343
1961,32.76067188633689
1962,62.33991000404403
1963,6.097794079903763
1964,26.351380462350296
1965,31.258493231429203
1966,47.00954523168887
1967,39.59587217437121
1968,16.1632306753265
1969,27.630173471731815
1970,25.205337525646527
1971,17.549369041954225
1972,16.030032436906517
1973,11.601632527542458
1974,25.109406168739053
1975,43.533761136075434
1976,5.406409248006271
1977,11.019909725802512
1978,11.278262818893916
1979,17.216399231810282
1980,16.34563340910125
1981,48.95814789783851
1982,34.86723590594722
1983,18.297989468298642
1984,29.014499532038478
1985,25.79699332357143
1986,6.601317228433012
1987,36.00440828377605
1988,29.694220900315962
1989,43.398544569777606
1990,23.644092778956356
1991,16.221608405942646
1992,7.778847505535423
1993,25.31659653734717
1994,28.173765740951783
1995,8.963073161210728
1996,16.619621386862242
1997,1.0226443527471738
1998,22.08212621254876
1999,3.032604700996082
2000,4.864356532150753
2001,6.6858267925542325
2002,12.502677402237849
2003,12.567123810027066
2004,11.20264496868953
2005,15.2093230240693
2006,5.379126110486557
2007,44.62668209016725
2008,1.1589124001925808
2009,13.914747219384306
2010,58.9085166490033
2011,19.396557302912353
2012,1.3763103600903117
2013,7.891850218481511
2014,6.636263011656752
2015,7.403423289513033
2016,1.5254199378227522
2017,0.1349911761189839
2018,1.5941387061080574
2019,6.215906711496075
2020,3.315192955867171
2021,65.23659905789587
2022,49.90077608667977
2023,53.18444818929247
2024,20.890481340827137
2025,68.71121531487285
2026,27.368945656200157
2027,25.91337692161588
1827,3888.1096127755227
1828,481.9721152628159
1829,289.2165468741604
1830,386.39397539195136
1831,248.4335868476151
1832,145.5898505994729
1833,127.81372112767083
1834,169.14590408761975
1835,190.66159747964537
1836,753.4660867730852
1837,664.4646753689369
1838,438.03744335798706
1839,360.2074144895623
1840,228.42303904806906
1841,261.9870828721077
1842,410.20130264712236
1843,315.3950669543228
1844,443.89724108475264
1845,663.3918363787282
1846,109.04588001635535
1847,87.4736945639206
1848,131.2147429868708
1849,89.3253230585395
1850,286.54289257082496
1851,571.4200283296219
1852,194.23512829640978
1853,106.3471686616862
1854,295.1026066434404
1855,94.01591678638952
1856,158.82321523262976
1857,126.95854200592184
1858,153.10943462185102
1859,245.1721519786862
1860,170.122407353927
1861,144.01633758658394
1862,201.96261618003268
1863,51.36968849340682
1864,124.57939997106008
1865,60.72330487482485
1866,181.5233797091767
1867,96.06384756998759
1868,89.77363483721696
1869,65.21833021927392
1870,431.84192464746224
1871,158.6753766112993
1872,74.92251652899732
1873,128.2785822793295
1874,63.3309561552001
1875,102.89368726703702
1876,168.35414409095557
1877,80.96320086434692
1878,108.02395046551449
1879,271.704710425684
1880,280.9953993897577
1881,184.0125059578582
1882,246.56252313698113
1883,78.83105018757338
1884,278.10639625493195
1885,173.64159934638917
1886,142.4656739166498
1887,150.77916220221235
1888,203.74374320818
1889,59.69182269223814
1890,95.45989747787725
1891,62.811093826360946
1892,33.02904942771562
1893,266.45657997041735
1894,157.90092115012789
1895,47.84715945651232
1896,72.65388893215874
1897,135.398603320038
1898,131.80975955553308
1899,147.68846368343515
1900,148.52745552038186
1901,158.95746657496107
1902,67.79990075327008
1903,114.35408536921433
1904,146.9209196520664
1905,154.74801980364478
1906,99.32043390290882
1907,46.0107333235085
1908,33.09230336779065
1909,149.27319018850156
1910,18.794729433909527
1911,307.34576640850366
1912,161.84110902612116
1913,95.19981560470099
1914,271.75937478531176
1915,243.7819130088307
1916,157.9717969116206
1917,114.95556775316227
1918,111.43809594795167
1919,67.33165161072363
1920,240.71065816008377
1921,59.64995668395075
1922,87.42167607561909
1923,105.96174059040186
1924,56.27784768362509
1925,104.04099709281944
1926,98.54737742194774
1927,129.97853347371432
1928,26.995492540502056
1929,123.5087096734607
1930,83.05472936873046
1931,236.27736601711214
1932,115.95339107254989
1933,194.43339363063325
1934,75.680510366928
1935,67.41392304859158
1936,28.81881263832303
1937,20.797550071418918
1938,82.63012892768324
1939,61.89043673795869
1940,37.992682822392375
1941,50.82297773081391
1942,136.61240233141598
1943,166.6347395281299
1944,133.5187475903764
1945,95.1556260266106
1946,75.18490625318464
1947,76.12778181387777
1948,138.57880895161523
1949,80.08165232987835
624,3037.357539557754
625,3383.699390034683
626,3206.580720187672
627,483.52330367812044
628,449.31361916721744
629,586.3222986300569
630,2307.5317435671072
631,1109.507123902176
632,1436.5183763817452
633,356.6572626656831
634,547.9516098077056
635,4621.133140797769
636,1906.721724167747
637,670.4112201550442
638,1174.2582714937867
639,1243.414681765964
641,984.5832609462915
642,715.1461327388461
643,436.11366469081497
644,243.11577323413894
645,324.46686143448693
646,2264.690949934086
647,821.6561269912839
648,1417.554963949546
649,973.1264432661039
650,638.668874223085
651,1097.4765452645065
652,1011.7463089707537
653,933.6673539094771
654,1867.8406375890424
655,796.6735150132781
656,983.4193747029578
657,581.8490080378317
658,322.81799453738165
659,2089.4972866247767
660,455.74566049380695
661,2171.6431513296848
662,1338.560515110779
663,995.7729802284936
664,78.02305497953999
665,1239.4037879177881
666,497.36323382176744
667,396.93387156740437
668,277.4452992021519
669,519.5579962523932
670,1327.529772578149
671,802.272023264009
672,606.6321209191916
673,36.019249189776154
674,454.5855900260209
675,231.311767310977
676,149.60216088586813
677,389.1301025498938
678,359.7358613155493
679,367.6110784051912
680,21.855708711175225
682,1094.7295667679664
683,431.3273497602601
684,162.65944497131073
685,452.5936591148282
686,360.2247030055335
687,1383.562066507631
688,625.8269954042205
689,380.0826853340737
690,578.3064411865222
691,239.2931005278236
692,201.9780968695761
693,289.2108027516933
694,135.46004557811062
695,122.59953121199698
696,134.70690542142094
697,278.6905175085076
1559,8944.824642068132
1560,1032.0216403163172
1561,1085.0167439049228
1562,238.6530308128735
1563,608.846239016403
1564,353.0543622532065
1565,540.7811153513052
1566,629.5232871141009
1567,425.83623286020094
1568,635.8664520953749
1569,1657.6465180948608
1570,483.37309514233164
1571,88.64762679632452
1572,286.2013499799057
1573,349.7849870288696
1574,323.43095482488565
1575,417.5152942596863
1576,488.3570870749616
1577,283.22433240645745
1578,316.966983574996
1579,150.74946507310753
1580,123.39910687196428
1581,264.8203153298334
1582,187.17345159305228
1583,254.41874076993128
1584,296.13495767323207
1585,2125.7681967546005
1586,931.2401543483234
1587,1023.9730996847716
1588,455.54053692506665
