Value,CountryValue,Result
541,0.0,0.0
311,0.0,0.0
540,0.0,0.0
539,0.0,0.0
310,0.0,0.0
314,0.0,0.0
524,0.0,0.0
523,0.0,0.0
309,0.0,0.0
318,0.0,0.0
316,287487.0,26.79781879194631
307,0.0,0.0
313,0.0,0.0
317,0.0,0.0
526,0.0,0.0
525,0.0,0.0
306,0.0,0.0
505,0.0,0.0
312,0.0,0.0
315,0.0,0.0
528,0.0,0.0
2346,1554933.0,436.28872053872055
2343,46784.0,10.313932980599647
486,0.0,0.0
504,0.0,0.0
2342,178720.0,35.715427657873704
308,0.0,0.0
481,0.0,0.0
483,0.0,0.0
527,0.0,0.0
511,0.0,0.0
492,0.0,0.0
512,0.0,0.0
484,0.0,0.0
491,0.0,0.0
2345,12238947.0,871.7198717948718
535,0.0,0.0
2344,14089854.0,1060.663504968383
482,0.0,0.0
479,0.0,0.0
2348,3825455.0,1280.2727576974564
477,0.0,0.0
485,0.0,0.0
538,0.0,0.0
493,0.0,0.0
320,5168.0,0.4817300521998509
478,0.0,0.0
513,0.0,0.0
533,0.0,0.0
498,0.0,0.0
502,0.0,0.0
506,0.0,0.0
2347,2091103.0,322.7010802469136
322,20978.0,4.448261238337574
534,0.0,0.0
510,0.0,0.0
2335,95707.0,59.07839506172839
509,0.0,0.0
2341,3304641.0,274.8370758483034
480,10994.0,6.497635933806147
503,0.0,0.0
532,0.0,0.0
530,0.0,0.0
529,0.0,0.0
2337,54763.0,13.829040404040404
499,0.0,0.0
536,0.0,0.0
507,0.0,0.0
495,0.0,0.0
496,0.0,0.0
494,0.0,0.0
497,0.0,0.0
329,294855.0,15.195578231292517
531,0.0,0.0
469,0.0,0.0
471,0.0,0.0
466,0.0,0.0
508,0.0,0.0
489,0.0,0.0
2340,1482483.0,596.8128019323672
470,0.0,0.0
2339,126207.0,15.308951965065502
537,0.0,0.0
465,0.0,0.0
319,5151.0,14.308333333333334
452,112320.0,49.523809523809526
515,0.0,0.0
2266,1641334.0,524.0530012771392
500,0.0,0.0
467,0.0,0.0
323,14323.0,7.233838383838384
454,21242.0,8.429365079365079
501,6234.0,3.848148148148148
468,0.0,0.0
321,397222.0,82.96198830409357
451,31726.0,88.12777777777778
464,0.0,0.0
473,0.0,0.0
518,0.0,0.0
490,0.0,0.0
514,0.0,0.0
455,20382.0,9.932748538011696
474,0.0,0.0
472,0.0,0.0
297,18272.0,50.75555555555555
296,177620.0,26.244089834515368
475,0.0,0.0
520,0.0,0.0
488,0.0,0.0
2278,1486345.0,201.40176151761517
446,0.0,0.0
450,0.0,0.0
326,1101736.0,98.72186379928316
447,7380.0,2.887323943661972
476,0.0,0.0
487,0.0,0.0
2283,23755.0,9.997895622895623
2281,115984.0,37.03192848020434
2338,1428345.0,281.3918439716312
2277,199471.0,47.35778727445394
2276,257054.0,70.6969196919692
2273,1857342.0,566.9542124542124
330,429301.0,44.00379253792538
2336,51989.0,8.34762363519589
453,425651.0,121.89318442153494
449,7892.0,5.480555555555555
418,0.0,0.0
2282,84400.0,17.76094276094276
2280,4147301.0,811.2873630672926
2271,3410339.0,219.79498582108792
327,1275155.0,90.59072179596477
281,58824.0,11.426573426573427
522,0.0,0.0
2275,1313055.0,935.224358974359
2274,5767454.0,1618.2530864197531
2279,1080875.0,337.35174781523096
325,653172.0,102.5065913370998
416,1804.0,0.8214936247723132
2329,90014.0,40.989981785063755
2325,283206.0,655.5694444444445
282,214914.0,82.91435185185185
419,0.0,0.0
516,0.0,0.0
448,12038.0,5.144444444444445
424,0.0,0.0
517,0.0,0.0
291,15704.0,4.115303983228512
417,0.0,0.0
458,1900.0,0.3938640132669983
519,0.0,0.0
2327,0.0,0.0
2349,35962.0,249.73611111111111
283,105682.0,26.446946946946948
521,0.0,0.0
2334,0.0,0.0
2272,661089.0,83.85197869101978
284,75870.0,45.81521739130435
421,0.0,0.0
285,193980.0,28.06423611111111
293,205998.0,114.44333333333333
430,1808.0,1.434920634920635
429,0.0,0.0
420,0.0,0.0
422,0.0,0.0
2265,218191.0,47.35047743055556
415,0.0,0.0
462,0.0,0.0
2328,136277.0,75.70944444444444
2326,0.0,0.0
290,10100.0,7.193732193732194
2270,17095986.0,552.1959302325581
324,51802.0,239.82407407407408
328,201523.0,20.580371732026144
292,322705.0,68.95405982905983
427,0.0,0.0
2330,8187.0,5.053703703703704
2331,0.0,0.0
2267,3989545.0,633.2611111111111
428,0.0,0.0
2290,970632.0,69.13333333333334
2268,11276162.0,726.7441350863625
295,18760.0,5.664251207729468
459,476.0,0.23196881091617932
2332,62810.0,14.539351851851851
2333,19131.0,5.904629629629629
286,386142.0,81.8791348600509
402,0.0,0.0
425,0.0,0.0
423,0.0,0.0
463,1431.0,0.4732142857142857
460,0.0,0.0
2269,1705249.0,297.9121243885395
346,1590840.0,168.02281368821292
294,151776.0,89.70212765957447
426,0.0,0.0
433,0.0,0.0
432,0.0,0.0
456,0.0,0.0
457,0.0,0.0
334,305214.0,74.36988304093568
401,7337.0,6.57437275985663
333,337731.0,137.96200980392157
289,24932.0,7.6950617283950615
359,0.0,0.0
438,0.0,0.0
404,5629.0,4.225975975975976
431,0.0,0.0
461,0.0,0.0
2291,2639735.0,531.3476247987118
2145,3719430.0,170.77272727272728
356,2248267.0,67.66182135548333
392,34895.0,23.64159891598916
436,0.0,0.0
442,1368.0,1.0857142857142856
441,0.0,0.0
278,601400.0,86.11111111111111
332,259074.0,133.2685185185185
280,23670.0,8.766666666666667
2298,130414.0,21.06169250645995
2295,98346.0,17.400212314225055
335,179221.0,115.77583979328165
127,1577.0,0.4516036655211913
360,0.0,0.0
2285,126875.0,22.165443745632423
391,81286.0,33.205065359477125
403,0.0,0.0
400,4724.0,4.686507936507937
437,0.0,0.0
351,351551.0,38.9055998229305
374,2015.0,1.3326719576719577
2294,1814731.0,311.16786694101506
352,1354027.0,143.55672179813402
407,329061.0,169.27006172839506
361,1544.0,1.0997150997150997
399,428.0,11.88888888888889
2284,364593.0,128.19725738396625
2289,58312.0,107.98518518518519
2292,687469.0,489.6502849002849
339,117802.0,121.1954732510288
287,11291.0,9.22467320261438
409,82923.0,47.00850340136054
444,2751.0,5.458333333333333
340,181131.0,111.80925925925926
108,31080.0,23.333333333333332
331,224495.0,164.1045321637427
390,5016.0,34.833333333333336
383,0.0,0.0
357,0.0,0.0
435,2270.0,1.4330808080808082
355,2632527.0,92.09792191435768
125,11977.0,3.5773596176821982
371,4773.0,18.94047619047619
372,2800.0,3.3816425120772946
440,3185.0,5.529513888888889
445,1380.0,1.1274509803921569
345,8257.0,5.333979328165374
109,27132.0,19.324786324786324
406,15249.0,8.471666666666666
373,3613.0,2.2302469135802467
2299,1462727.0,451.45895061728396
2147,10728390.0,1173.270997375328
354,905310.0,29.901902497027347
275,14083.0,17.781565656565657
344,163606.0,100.99135802469135
124,1071.0,0.48770491803278687
288,1890.0,1.1931818181818181
386,0.0,0.0
434,1359.0,4.71875
443,3199.0,3.5544444444444445
2297,61180.0,31.47119341563786
384,9534.0,11.034722222222221
358,4993.0,8.668402777777779
2286,3827338.0,165.34205978918266
2143,3955212.0,402.4432234432234
405,3038.0,42.19444444444444
110,9860.0,9.12962962962963
107,24769.0,14.63888888888889
408,5710.0,6.608796296296297
368,0.0,0.0
395,5957.0,11.819444444444445
375,1212.0,2.2444444444444445
376,0.0,0.0
377,0.0,0.0
439,0.0,0.0
2304,575197.0,124.82573784722223
2296,151563.0,12.719284994964752
277,122759.0,64.33909853249476
341,45161.0,35.842063492063495
117,3295.0,1.6344246031746033
120,693.0,0.4375
410,9335.0,8.10329861111111
385,4992.0,4.473118279569892
398,1708.0,2.9652777777777777
394,4658.0,4.461685823754789
2287,16090779.0,214.57805248839816
274,89388.0,47.75
122,480.0,0.3418803418803419
393,2110.0,11.722222222222221
2293,10238880.0,1481.3194444444443
353,6779.0,8.966931216931217
347,9030.0,9.647435897435898
348,11284.0,11.194444444444445
350,16292.0,5.801994301994302
338,5150.0,4.335016835016835
343,88860.0,77.13541666666667
118,0.0,0.0
123,4536.0,3.7058823529411766
411,13403.0,15.512731481481481
382,3711.0,20.616666666666667
396,0.0,0.0
367,3546.0,10.944444444444445
269,2508.0,3.1666666666666665
119,912.0,6.333333333333333
413,2245.0,1.7817460317460319
397,0.0,0.0
370,8316.0,7.7
381,7388.0,3.3642987249544625
379,6098.0,2.3857589984350547
114,5245.0,12.141203703703704
5,42.0,0.050724637681159424
2301,1480192.0,428.2962962962963
2141,2815498.0,539.3674329501915
2144,3543922.0,615.2642361111111
349,212230.0,173.390522875817
270,1835.0,1.6990740740740742
105,852.0,3.380952380952381
389,0.0,0.0
2300,210614.0,44.321127946127945
303,439321.0,62.903923253150055
276,7869.0,8.095679012345679
342,9192.0,6.900900900900901
106,787.0,0.8096707818930041
7,36.0,0.041666666666666664
414,4500.0,5.681818181818182
369,8295.0,4.800347222222222
2302,56060.0,10.177923021060275
272,13094.0,10.392063492063492
337,42401.0,42.06448412698413
170,6133.0,9.464506172839506
113,1170.0,1.8055555555555556
6,575.0,0.6388888888888888
121,1017.0,0.8308823529411765
126,860.0,1.1944444444444444
387,0.0,0.0
2305,588944.0,79.03166935050993
44,231.0,0.16885964912280702
299,19663.0,6.1370162297128585
271,13167.0,24.383333333333333
169,1122.0,1.7314814814814814
115,3175.0,4.8996913580246915
412,4032.0,3.8620689655172415
388,1668.0,1.3627450980392157
168,5757.0,7.615079365079365
116,725.0,0.7745726495726496
37,250.0,0.4084967320261438
2288,5178795.0,102.38819691577699
300,143463.0,51.090811965811966
199,1573.0,2.0806878306878307
112,6015.0,10.442708333333334
2,16.0,0.031746031746031744
4,31.0,0.09567901234567901
40,439.0,0.871031746031746
378,2835.0,13.125
2316,9958318.0,1167.1727613689638
302,585824.0,77.86071238702817
174,13527.0,25.05
175,17480.0,30.34722222222222
111,6760.0,5.522875816993464
1,6.0,0.00228310502283105
13,177.0,0.28921568627450983
42,213.0,0.4551282051282051
46,105.0,0.16203703703703703
273,62676.0,58.03333333333333
47,0.0,0.0
43,96.0,0.6666666666666666
364,5070.0,3.5208333333333335
366,14541.0,10.097916666666666
380,6128.0,8.105820105820106
2142,461119.0,346.1854354354354
298,51750.0,62.5
151,647.0,2.9953703703703702
38,0.0,0.0
33,105.0,0.22435897435897437
34,110.0,0.3055555555555556
2315,3254754.0,1273.3779342723005
2128,105666.0,244.59722222222223
2152,1243704.0,803.4263565891473
196,37675.0,23.256172839506174
200,18688.0,39.93162393162393
171,4331.0,10.025462962962964
85,123.0,0.18981481481481483
149,0.0,0.0
365,13720.0,12.703703703703704
2146,1337931.0,464.559375
2149,19496.0,2.4841997961264015
279,32868.0,60.86666666666667
305,105300.0,45.0
173,440.0,0.5555555555555556
3,12.0,0.03333333333333333
146,0.0,0.0
10,0.0,0.0
32,0.0,0.0
45,170.0,0.39351851851851855
2151,563871.0,540.1063218390805
197,3197.0,6.343253968253968
198,1981.0,3.2369281045751634
2307,568365.0,438.55324074074076
2319,9321700.0,973.4440267335004
237,1940.0,3.1699346405228757
172,2703.0,2.8878205128205128
92,547.0,0.5627572016460906
143,0.0,0.0
9,77.0,0.1425925925925926
11,0.0,0.0
41,145.0,0.33564814814814814
35,230.0,0.3758169934640523
2306,13395.0,372.0833333333333
2321,4900683.0,951.9586247086247
2322,9703739.0,826.8352931152011
2323,9986297.0,702.2712376933896
2324,13720052.0,658.2254845519094
2097,68208.0,61.11827956989247
95,0.0,0.0
101,0.0,0.0
144,0.0,0.0
36,336.0,0.717948717948718
2303,48096.0,5.685106382978724
2308,26830.0,35.48941798941799
2148,842856.0,557.4444444444445
2155,8680608.0,1443.8802395209582
304,499466.0,117.57674199623352
2096,3455970.0,1263.1469298245613
235,11651.0,21.575925925925926
232,7648.0,13.277777777777779
229,3620.0,3.7242798353909463
145,0.0,0.0
39,130.0,0.6018518518518519
2314,1937705.0,1631.0648148148148
2313,3813796.0,1081.0079365079366
2239,8824604.0,258.0293567251462
2248,43607.0,242.26111111111112
2251,133858.0,464.78472222222223
228,1077.0,1.662037037037037
88,0.0,0.0
104,0.0,0.0
8,190.0,0.11728395061728394
362,9306.0,10.34
363,0.0,0.0
2241,1326193.0,140.07108153781158
233,6976.0,13.841269841269842
150,0.0,0.0
2244,334836.0,36.190661478599225
2249,146325.0,203.22916666666666
2250,231263.0,642.3972222222222
236,7892.0,21.92222222222222
230,5659.0,6.834541062801932
238,1365.0,1.5166666666666666
86,771.0,0.8237179487179487
89,220.0,0.4074074074074074
98,336.0,1.037037037037037
83,0.0,0.0
87,0.0,0.0
91,0.0,0.0
100,0.0,0.0
2309,91273.0,68.52327327327328
2311,835991.0,273.1996732026144
2215,168840.0,35.26315789473684
2153,24460.0,13.066239316239317
2130,640254.0,277.8880208333333
227,1419.0,1.3591954022988506
94,0.0,0.0
148,0.0,0.0
12,48.0,0.08888888888888889
2095,317250.0,115.95394736842105
234,23940.0,30.227272727272727
96,188.0,0.5222222222222223
82,0.0,0.0
84,0.0,0.0
140,0.0,0.0
2320,9646491.0,651.9661394971614
2247,12815.0,27.382478632478634
301,557404.0,117.29882154882155
147,0.0,0.0
2150,768296.0,762.1984126984127
2129,675524.0,1340.3253968253969
2245,143280.0,265.3333333333333
261,78408.0,68.0625
24,111.0,0.11419753086419752
19,0.0,0.0
18,176.0,0.4074074074074074
93,0.0,0.0
90,0.0,0.0
130,0.0,0.0
231,5704.0,7.544973544973545
225,2975.0,4.131944444444445
226,528.0,1.8333333333333333
102,0.0,0.0
97,0.0,0.0
142,0.0,0.0
141,0.0,0.0
265,1540.0,2.8518518518518516
178,0.0,0.0
30,0.0,0.0
103,0.0,0.0
99,0.0,0.0
134,0.0,0.0
129,0.0,0.0
2312,823723.0,77.82719198790628
2246,48659.0,168.95486111111111
2258,603470.0,429.8219373219373
165,2784.0,3.515151515151515
128,0.0,0.0
2317,5398.0,0.6145264116575592
2310,26865.0,82.91666666666667
2103,259380.0,343.0952380952381
16,0.0,0.0
28,0.0,0.0
23,0.0,0.0
21,0.0,0.0
157,0.0,0.0
156,0.0,0.0
137,0.0,0.0
2257,126803.0,207.19444444444446
2098,1472978.0,974.191798941799
262,2170.0,2.009259259259259
166,9693.0,20.71153846153846
15,120.0,0.2222222222222222
31,0.0,0.0
139,0.0,0.0
138,0.0,0.0
132,1350.0,4.6875
1030,31534.0,51.52614379084967
957,0.0,0.0
2154,70963.0,30.799913194444443
2255,1884465.0,758.6413043478261
266,10843.0,21.51388888888889
167,1800.0,2.9411764705882355
206,1248.0,1.5757575757575757
177,1647.0,2.859375
14,0.0,0.0
29,0.0,0.0
27,0.0,0.0
162,0.0,0.0
155,0.0,0.0
135,0.0,0.0
133,0.0,0.0
952,46071.0,37.63970588235294
2318,1007107.0,67.41010709504685
2217,65572.0,19.79830917874396
2252,100503.0,348.96875
2099,68266.0,39.50578703703704
2102,346479.0,1069.3796296296296
163,2444.0,4.849206349206349
176,580.0,2.685185185185185
17,0.0,0.0
154,0.0,0.0
160,0.0,0.0
131,0.0,0.0
1011,0.0,0.0
1031,20769.0,36.057291666666664
2156,2365734.0,1239.9025157232704
259,0.0,0.0
25,60.0,0.20833333333333334
2240,316019.0,7.2249428440786465
2214,75568.0,36.191570881226056
2254,309891.0,331.08012820512823
2100,63585.0,26.761363636363637
2106,770338.0,891.5949074074074
260,4723.0,11.926767676767676
201,3796.0,8.787037037037036
26,0.0,0.0
72,0.0,0.0
152,0.0,0.0
159,0.0,0.0
1010,0.0,0.0
1017,0.0,0.0
954,0.0,0.0
953,9617.0,19.081349206349206
958,3864.0,11.925925925925926
961,8703.0,17.267857142857142
2253,175406.0,108.27530864197531
2101,40052.0,58.55555555555556
2104,115653.0,535.4305555555555
257,5107.0,10.912393162393162
164,285.0,1.130952380952381
205,775.0,1.0251322751322751
22,85.0,0.2623456790123457
161,0.0,0.0
136,0.0,0.0
1029,0.0,0.0
2216,1381508.0,673.2495126705653
2157,191175.0,94.82886904761905
2134,41123.0,20.76919191919192
263,4578.0,8.477777777777778
20,0.0,0.0
68,0.0,0.0
153,0.0,0.0
1009,0.0,0.0
956,19285.0,20.603632478632477
2256,147402.0,56.86805555555556
207,2983.0,6.905092592592593
204,7513.0,9.937830687830688
66,0.0,0.0
69,0.0,0.0
74,0.0,0.0
158,0.0,0.0
1008,0.0,0.0
1012,0.0,0.0
938,0.0,0.0
1028,0.0,0.0
1027,0.0,0.0
962,7744.0,13.444444444444445
963,3876.0,5.126984126984127
990,5874.0,40.791666666666664
2243,5544117.0,282.5747706422018
2205,0.0,0.0
2077,471064.0,311.55026455026456
2074,37216.0,44.94685990338164
2105,16534.0,24.172514619883042
267,1120.0,2.5925925925925926
258,0.0,0.0
208,2370.0,7.314814814814815
202,18365.0,36.43849206349206
67,0.0,0.0
73,0.0,0.0
80,0.0,0.0
960,0.0,0.0
991,6860.0,10.58641975308642
992,0.0,0.0
2242,387951.0,151.7805164319249
2075,572769.0,548.6293103448276
209,2718.0,5.8076923076923075
65,273.0,0.4212962962962963
75,0.0,0.0
77,0.0,0.0
1016,0.0,0.0
1014,0.0,0.0
948,0.0,0.0
1032,0.0,0.0
955,4815.0,10.288461538461538
970,28285.0,37.414021164021165
2132,687519.0,323.6906779661017
264,1533.0,2.365740740740741
268,15172.0,32.41880341880342
256,0.0,0.0
211,1647.0,4.575
203,1057.0,1.3345959595959596
70,0.0,0.0
937,0.0,0.0
2222,106255.0,18.33247066942719
2211,22620.0,17.952380952380953
2183,2754675.0,814.0292553191489
2076,11655.0,8.09375
187,381.0,0.6225490196078431
64,0.0,0.0
71,0.0,0.0
76,0.0,0.0
78,0.0,0.0
1015,0.0,0.0
1018,0.0,0.0
1033,0.0,0.0
947,0.0,0.0
965,8730.0,17.321428571428573
973,6839.0,9.998538011695906
945,0.0,0.0
959,0.0,0.0
964,0.0,0.0
993,0.0,0.0
2206,22560.0,25.066666666666666
2125,78936.0,37.804597701149426
2131,224044.0,183.04248366013073
2260,18151.0,9.3369341563786
2071,88198.0,72.05718954248366
2073,211521.0,279.78968253968253
189,3510.0,4.0625
63,152.0,0.24836601307189543
81,160.0,0.40404040404040403
1025,0.0,0.0
1013,0.0,0.0
939,0.0,0.0
946,3828.0,3.5444444444444443
943,0.0,0.0
251,14697.0,34.020833333333336
250,15656.0,28.992592592592594
210,1627.0,4.108585858585859
188,899.0,1.7837301587301588
56,0.0,0.0
58,0.0,0.0
57,0.0,0.0
79,0.0,0.0
1026,0.0,0.0
968,8757.0,14.308823529411764
2207,7524.0,13.0625
2210,20096.0,22.32888888888889
2126,840356.0,933.7288888888888
2184,17332.0,12.669590643274853
184,984.0,2.1025641025641026
53,439.0,0.812962962962963
62,0.0,0.0
934,0.0,0.0
2204,27548.0,153.04444444444445
2072,169533.0,196.21875
253,3360.0,15.555555555555555
255,1055.0,3.256172839506173
181,480.0,1.0256410256410255
49,0.0,0.0
60,0.0,0.0
1019,0.0,0.0
1022,0.0,0.0
967,5832.0,16.2
2259,365336.0,247.51761517615176
2078,16331.0,18.90162037037037
249,1435.0,3.986111111111111
252,4386.0,8.122222222222222
244,2208.0,5.111111111111111
48,0.0,0.0
55,0.0,0.0
59,0.0,0.0
1024,0.0,0.0
935,0.0,0.0
966,16507.0,24.133040935672515
971,0.0,0.0
972,0.0,0.0
942,0.0,0.0
2208,52692.0,182.95833333333334
243,2771.0,5.498015873015873
54,0.0,0.0
51,0.0,0.0
1023,0.0,0.0
997,0.0,0.0
941,8601.0,15.927777777777777
2012,1313270.0,21.17221254917134
2010,1522027.0,43.67616505968779
2224,17731.0,12.961257309941521
2209,37665.0,49.82142857142857
2124,64531.0,119.50185185185185
2127,47962.0,40.372053872053876
2133,985759.0,497.8580808080808
2185,24775.0,22.939814814814813
245,11514.0,16.833333333333332
182,363.0,1.0083333333333333
179,357.0,2.4791666666666665
190,655.0,3.0324074074074074
183,854.0,1.6944444444444444
50,0.0,0.0
61,0.0,0.0
52,0.0,0.0
1021,0.0,0.0
985,0.0,0.0
2212,17605.0,18.112139917695472
2182,153381.0,157.7993827160494
2079,7002.0,4.7439024390243905
2081,121524.0,116.40229885057471
247,1827.0,3.3833333333333333
239,0.0,0.0
1078,8982.0,11.340909090909092
1020,0.0,0.0
936,0.0,0.0
989,0.0,0.0
949,0.0,0.0
969,0.0,0.0
940,10491.0,26.492424242424242
2236,0.0,0.0
2225,443512.0,105.29724596391263
2192,59638.0,92.03395061728395
2261,20752.0,18.594982078853047
2264,64900.0,78.38164251207729
2188,37215.0,28.71527777777778
186,378.0,0.9545454545454546
185,2111.0,5.863888888888889
1074,0.0,0.0
1101,0.0,0.0
1001,0.0,0.0
2226,319662.0,138.7421875
2219,12625.0,21.91840277777778
248,1428.0,1.8888888888888888
246,0.0,0.0
180,0.0,0.0
1073,0.0,0.0
1077,0.0,0.0
1103,0.0,0.0
987,0.0,0.0
988,0.0,0.0
944,0.0,0.0
2158,380300.0,285.5105105105105
2080,23357.0,34.14766081871345
2082,0.0,0.0
242,0.0,0.0
192,1206.0,1.2407407407407407
1079,0.0,0.0
1075,0.0,0.0
1100,0.0,0.0
1006,0.0,0.0
996,0.0,0.0
2213,22648.0,39.31944444444444
2195,52271.0,103.71230158730158
2162,140282.0,149.8739316239316
195,0.0,0.0
1102,0.0,0.0
981,2934.0,10.1875
979,0.0,0.0
986,0.0,0.0
995,0.0,0.0
2196,34874.0,96.87222222222222
2190,29791.0,68.96064814814815
2181,12360.0,34.333333333333336
2187,17360.0,17.86008230452675
2083,11690.0,15.462962962962964
2069,11600.0,20.13888888888889
224,522.0,2.9
216,507.0,1.5648148148148149
217,0.0,0.0
240,0.0,0.0
241,588.0,1.4848484848484849
194,1088.0,1.8888888888888888
1090,7000.0,12.962962962962964
1081,0.0,0.0
1080,0.0,0.0
1099,0.0,0.0
1104,0.0,0.0
1039,0.0,0.0
982,0.0,0.0
2018,671600.0,20.102969348659006
2218,93353.0,83.64964157706093
2180,0.0,0.0
2262,7785.0,24.02777777777778
2174,24707.0,38.12808641975309
254,0.0,0.0
193,945.0,1.3125
191,1855.0,2.342171717171717
1089,2997.0,8.325
1040,0.0,0.0
983,0.0,0.0
980,0.0,0.0
1004,0.0,0.0
999,2943.0,5.109375
2238,0.0,0.0
2232,122112.0,12.848484848484848
2189,0.0,0.0
2193,39792.0,157.9047619047619
2263,0.0,0.0
2186,7437.0,17.21527777777778
218,1020.0,3.1481481481481484
1076,0.0,0.0
978,0.0,0.0
994,0.0,0.0
2223,129085.0,74.7019675925926
2220,341142.0,148.06510416666666
2203,32528.0,10.756613756613756
2194,17416.0,53.75308641975309
2175,0.0,0.0
2056,6939.0,10.708333333333334
2036,6918.0,12.811111111111112
214,0.0,0.0
215,0.0,0.0
974,0.0,0.0
984,0.0,0.0
1003,2949.0,4.550925925925926
2016,263900.0,10.397951142631994
2191,0.0,0.0
2161,19680.0,23.768115942028984
2160,339335.0,409.82487922705315
2159,98245.0,101.07510288065843
2179,0.0,0.0
2178,0.0,0.0
2177,0.0,0.0
2067,0.0,0.0
2065,0.0,0.0
2064,6954.0,14.85897435897436
219,855.0,1.3970588235294117
1092,0.0,0.0
1083,0.0,0.0
1082,0.0,0.0
1086,0.0,0.0
1088,0.0,0.0
1042,0.0,0.0
1034,0.0,0.0
1038,0.0,0.0
2055,0.0,0.0
2035,6915.0,12.005208333333334
2034,0.0,0.0
213,0.0,0.0
212,4516.0,9.649572649572649
220,1208.0,2.5811965811965814
1097,3012.0,13.944444444444445
1093,4004.0,22.244444444444444
1091,0.0,0.0
1084,0.0,0.0
975,0.0,0.0
950,3832.0,3.5481481481481483
998,0.0,0.0
1005,0.0,0.0
2227,0.0,0.0
2176,0.0,0.0
2054,0.0,0.0
1096,3009.0,4.643518518518518
1087,0.0,0.0
1041,0.0,0.0
977,0.0,0.0
951,0.0,0.0
2198,211990.0,111.10587002096436
2137,0.0,0.0
2140,4842.0,11.208333333333334
2043,0.0,0.0
2068,0.0,0.0
2066,6957.0,12.078125
1094,0.0,0.0
1085,0.0,0.0
1037,0.0,0.0
976,0.0,0.0
1002,2946.0,4.091666666666667
1007,0.0,0.0
583,0.0,0.0
2197,4985.0,9.890873015873016
2138,12100.0,22.40740740740741
2057,23145.0,64.29166666666667
2063,6951.0,9.194444444444445
223,0.0,0.0
221,0.0,0.0
1116,3015.0,6.4423076923076925
1058,0.0,0.0
1098,0.0,0.0
1095,4008.0,18.555555555555557
1055,0.0,0.0
1035,2973.0,3.9325396825396823
2221,17696.0,7.802469135802469
2163,66528.0,80.34782608695652
2139,0.0,0.0
2136,0.0,0.0
2044,18488.0,46.686868686868685
2045,0.0,0.0
2053,0.0,0.0
1057,0.0,0.0
1046,0.0,0.0
1043,2976.0,8.266666666666667
1044,0.0,0.0
1050,0.0,0.0
1054,0.0,0.0
1036,0.0,0.0
558,0.0,0.0
559,3979.0,9.210648148148149
1000,0.0,0.0
2202,172498.0,111.4328165374677
2135,0.0,0.0
2052,6936.0,19.266666666666666
2049,0.0,0.0
2060,6948.0,14.846153846153847
222,0.0,0.0
1115,0.0,0.0
1117,5030.0,8.73263888888889
1119,0.0,0.0
1045,2979.0,8.275
1134,0.0,0.0
584,1566.0,1.6730769230769231
2235,0.0,0.0
2164,0.0,0.0
2038,11540.0,9.428104575163399
2039,13854.0,32.06944444444444
2051,0.0,0.0
2050,0.0,0.0
2028,0.0,0.0
1120,5040.0,4.516129032258065
1056,0.0,0.0
1065,0.0,0.0
1051,0.0,0.0
582,0.0,0.0
2040,0.0,0.0
2041,0.0,0.0
2033,0.0,0.0
2061,0.0,0.0
2070,0.0,0.0
2062,0.0,0.0
1063,0.0,0.0
1062,2985.0,5.527777777777778
1049,0.0,0.0
1047,0.0,0.0
1048,0.0,0.0
1053,0.0,0.0
1136,0.0,0.0
1133,0.0,0.0
1138,0.0,0.0
746,0.0,0.0
560,0.0,0.0
563,0.0,0.0
585,1569.0,2.293859649122807
2171,7407.0,4.898809523809524
1064,0.0,0.0
1052,0.0,0.0
1135,0.0,0.0
2229,106722.0,40.60958904109589
2037,9228.0,51.266666666666666
2058,0.0,0.0
2059,0.0,0.0
2048,0.0,0.0
2118,42843.0,41.03735632183908
1109,0.0,0.0
1139,0.0,0.0
747,0.0,0.0
562,0.0,0.0
586,2096.0,5.292929292929293
595,0.0,0.0
2201,1038275.0,313.48882850241546
1708,920430.0,255.675
2200,0.0,0.0
2166,12330.0,10.378787878787879
2046,0.0,0.0
2042,6930.0,24.0625
2029,0.0,0.0
2030,0.0,0.0
1118,5035.0,4.238215488215488
1060,0.0,0.0
1061,0.0,0.0
1072,0.0,0.0
1110,0.0,0.0
1151,0.0,0.0
1140,0.0,0.0
557,0.0,0.0
621,0.0,0.0
596,0.0,0.0
2230,282162.0,54.429398148148145
2170,0.0,0.0
2172,0.0,0.0
2031,0.0,0.0
2032,0.0,0.0
2117,30903.0,34.336666666666666
1107,0.0,0.0
1157,0.0,0.0
1137,0.0,0.0
2173,0.0,0.0
2047,0.0,0.0
1059,4970.0,5.30982905982906
1070,0.0,0.0
1106,0.0,0.0
1158,3081.0,7.131944444444445
714,2016.0,18.666666666666668
745,0.0,0.0
561,1996.0,3.261437908496732
620,3826.0,7.0851851851851855
598,2640.0,2.619047619047619
1721,407975.0,55.82580733442802
2199,0.0,0.0
2167,7401.0,12.848958333333334
1069,8969.0,9.582264957264957
1067,0.0,0.0
1108,0.0,0.0
761,0.0,0.0
715,0.0,0.0
748,0.0,0.0
619,2180.0,60.55555555555556
590,0.0,0.0
2231,12715.0,4.155228758169935
2123,9552.0,11.055555555555555
2119,19061.0,22.06134259259259
1113,0.0,0.0
1152,0.0,0.0
1156,0.0,0.0
622,0.0,0.0
589,1578.0,3.371794871794872
597,0.0,0.0
2234,0.0,0.0
2093,0.0,0.0
2110,0.0,0.0
1124,8085.0,6.805555555555555
1066,0.0,0.0
1155,0.0,0.0
623,0.0,0.0
2017,1261609.0,73.9339545241444
2233,58535.0,10.9862987987988
1701,33850.0,18.082264957264957
2165,0.0,0.0
2087,23415.0,19.70959595959596
2094,0.0,0.0
2121,16702.0,14.058922558922559
2120,93012.0,117.43939393939394
1122,5045.0,4.832375478927203
1068,0.0,0.0
1112,0.0,0.0
1114,0.0,0.0
1153,0.0,0.0
1150,3078.0,42.75
762,0.0,0.0
749,0.0,0.0
588,0.0,0.0
1707,173687.0,49.23100907029478
2168,7404.0,7.910256410256411
2091,4694.0,4.656746031746032
2089,7038.0,8.886363636363637
2086,11700.0,15.476190476190476
2122,7161.0,5.683333333333334
1126,10127.0,11.252222222222223
1123,0.0,0.0
1111,0.0,0.0
587,2625.0,18.229166666666668
599,0.0,0.0
2169,0.0,0.0
1161,3084.0,9.518518518518519
1159,0.0,0.0
1154,0.0,0.0
744,0.0,0.0
741,0.0,0.0
709,0.0,0.0
594,0.0,0.0
602,3721.0,4.6982323232323235
1071,0.0,0.0
1162,0.0,0.0
763,0.0,0.0
605,2665.0,4.626736111111111
600,1587.0,3.1488095238095237
2007,116432.0,13.14724480578139
1709,192977.0,67.85407876230661
2084,0.0,0.0
2109,14205.0,26.305555555555557
1127,110526.0,118.08333333333333
1125,0.0,0.0
1168,0.0,0.0
764,0.0,0.0
707,0.0,0.0
708,0.0,0.0
591,0.0,0.0
2015,0.0,0.0
2228,269215.0,126.74905838041431
2090,0.0,0.0
2088,30472.0,29.18773946360153
2107,7092.0,6.15625
2115,16618.0,13.988215488215488
1176,39611.0,36.67685185185185
1175,12485.0,8.892450142450143
1121,0.0,0.0
592,1581.0,1.568452380952381
593,0.0,0.0
1700,71364.0,25.414529914529915
2085,16373.0,15.682950191570882
2108,16558.0,32.8531746031746
1128,0.0,0.0
1166,0.0,0.0
1167,0.0,0.0
1163,0.0,0.0
740,0.0,0.0
739,0.0,0.0
738,7043.0,9.316137566137566
607,7497.0,10.4125
615,24978.0,33.03968253968254
1624,5328.0,2.642857142857143
1165,0.0,0.0
1160,0.0,0.0
706,0.0,0.0
736,0.0,0.0
1717,133000.0,52.77777777777778
1722,307493.0,108.11990154711674
1628,7128.0,7.071428571428571
2116,7125.0,12.369791666666666
1180,38829.0,35.952777777777776
1132,0.0,0.0
1129,0.0,0.0
1169,0.0,0.0
742,2824.0,4.3580246913580245
743,0.0,0.0
711,2007.0,5.575
710,0.0,0.0
737,0.0,0.0
601,2650.0,3.505291005291005
1626,46272.0,26.231292517006803
2092,16440.0,14.270833333333334
1130,0.0,0.0
1164,0.0,0.0
2006,280527.0,83.7894265232975
2237,0.0,0.0
1719,9510.0,2.4688473520249223
1691,65480.0,53.49673202614379
2111,21325.0,31.176900584795323
1174,58084.0,146.67676767676767
1131,3045.0,4.451754385964913
733,2800.0,5.555555555555555
608,2685.0,6.215277777777778
618,3264.0,6.9743589743589745
576,1545.0,3.9015151515151514
2014,0.0,0.0
2011,0.0,0.0
1706,41463.0,19.195833333333333
1627,0.0,0.0
2113,16611.0,18.456666666666667
1177,3132.0,2.806451612903226
1196,0.0,0.0
1141,19325.0,14.508258258258259
1149,0.0,0.0
1148,0.0,0.0
757,0.0,0.0
756,0.0,0.0
699,0.0,0.0
735,2109.0,2.0201149425287355
732,0.0,0.0
550,0.0,0.0
606,2136.0,6.592592592592593
604,0.0,0.0
1972,38233.0,14.160370370370371
1704,0.0,0.0
1690,0.0,0.0
2112,14229.0,18.821428571428573
1179,12557.0,6.839324618736383
1146,17420.0,18.61111111111111
614,2168.0,30.11111111111111
579,2590.0,5.138888888888889
577,4133.0,6.378086419753086
1705,28245.0,12.070512820512821
1178,4180.0,3.415032679738562
1194,107578.0,124.51157407407408
1192,8571.0,7.2146464646464645
1197,16170.0,14.036458333333334
1233,233495.0,96.80555555555556
603,0.0,0.0
1962,26876.0,7.178418803418803
1625,60425.0,59.945436507936506
1680,0.0,0.0
1142,8157.0,11.925438596491228
1147,0.0,0.0
609,0.0,0.0
612,1620.0,22.5
617,0.0,0.0
1699,0.0,0.0
1629,153447.0,146.97988505747125
1571,0.0,0.0
2114,0.0,0.0
700,3978.0,4.804347826086956
734,9821.0,17.05034722222222
549,7275.0,33.68055555555556
547,1928.0,6.694444444444445
613,5951.0,13.775462962962964
610,0.0,0.0
580,4157.0,7.217013888888889
1959,8948.0,4.971111111111111
1623,0.0,0.0
1630,67931.0,94.34861111111111
1191,9625.0,89.12037037037037
1143,0.0,0.0
1145,14315.0,18.935185185185187
548,10641.0,15.557017543859649
611,9149.0,23.103535353535353
616,0.0,0.0
575,3081.0,42.791666666666664
581,2084.0,5.262626262626263
578,0.0,0.0
2005,79765.0,21.722494553376908
1958,29061.0,13.454166666666667
1689,151315.0,175.13310185185185
1195,5385.0,4.532828282828283
1193,21467.0,17.037301587301588
1234,15967.0,17.74111111111111
755,4278.0,3.4950980392156863
701,3320.0,4.009661835748792
754,0.0,0.0
567,2520.0,4.375
555,0.0,0.0
571,0.0,0.0
2003,781354.0,139.12998575498577
2009,0.0,0.0
1961,0.0,0.0
1971,38203.0,19.651748971193417
1702,7528.0,3.9454926624737947
1698,0.0,0.0
1622,24843.0,49.291666666666664
1198,25923.0,36.00416666666667
698,0.0,0.0
750,8489.0,13.100308641975309
753,4272.0,11.866666666666667
566,16552.0,41.7979797979798
2020,0.0,0.0
2008,767590.0,99.171834625323
1716,28485.0,17.583333333333332
1652,34677.0,50.69736842105263
1692,29967.0,39.638888888888886
1676,14869.0,10.325694444444444
1246,0.0,0.0
1205,70112.0,102.50292397660819
1144,5105.0,10.128968253968255
759,34411.0,27.31031746031746
551,13147.0,40.57716049382716
564,0.0,0.0
570,3563.0,8.247685185185185
546,0.0,0.0
1703,0.0,0.0
1697,0.0,0.0
1617,0.0,0.0
1621,0.0,0.0
1618,0.0,0.0
1576,0.0,0.0
1580,0.0,0.0
712,0.0,0.0
554,3949.0,9.141203703703704
574,1536.0,6.095238095238095
2019,32214.0,4.08599695585997
1720,64707.0,18.530068728522338
1647,52655.0,69.6494708994709
1650,50967.0,88.484375
1202,81525.0,51.46780303030303
1225,52786.0,41.89365079365079
713,9387.0,20.057692307692307
565,3500.0,7.478632478632479
556,4461.0,6.195833333333334
553,3931.0,27.29861111111111
1718,70337.0,24.422569444444445
1715,0.0,0.0
1616,7076.0,24.569444444444443
1620,77991.0,144.42777777777778
1675,24128.0,23.936507936507937
1184,8459.0,11.18915343915344
1219,41205.0,71.53645833333333
760,36639.0,46.26136363636363
758,10003.0,14.624269005847953
751,0.0,0.0
752,12781.0,15.43599033816425
569,1524.0,1.5679012345679013
572,2550.0,7.083333333333333
542,0.0,0.0
1968,0.0,0.0
1599,5229.0,11.173076923076923
1613,0.0,0.0
1619,65490.0,67.37654320987654
1648,12726.0,23.566666666666666
1577,6884.0,5.975694444444445
1579,5169.0,4.786111111111111
1238,3447.0,2.9921875
1182,26328.0,19.24561403508772
1200,15183.0,10.54375
1201,7602.0,6.398989898989899
1208,7686.0,17.791666666666668
1204,13099.0,30.32175925925926
702,0.0,0.0
703,19285.0,44.6412037037037
552,17626.0,61.201388888888886
568,5059.0,35.13194444444444
1712,0.0,0.0
1598,8710.0,18.61111111111111
1578,8610.0,6.132478632478633
1183,56977.0,98.91840277777777
1170,19556.0,6.876230661040788
704,59274.0,182.94444444444446
769,15975.0,18.489583333333332
770,5096.0,11.796296296296296
2013,0.0,0.0
2004,0.0,0.0
1960,13428.0,6.660714285714286
1614,5304.0,7.754385964912281
1651,20046.0,50.621212121212125
1649,5457.0,12.631944444444445
1679,31666.0,46.2953216374269
1674,11124.0,154.5
1677,5580.0,15.5
1185,8475.0,9.416666666666666
1206,7679.0,35.550925925925924
1220,71380.0,94.41798941798942
726,11089.0,19.25173611111111
573,3577.0,7.6431623931623935
543,0.0,0.0
1967,0.0,0.0
1615,0.0,0.0
1633,10746.0,22.96153846153846
1646,5442.0,6.298611111111111
1189,44767.0,69.08487654320987
1207,0.0,0.0
1203,19604.0,45.379629629629626
1221,63669.0,126.32738095238095
725,14500.0,20.13888888888889
717,12827.0,39.589506172839506
771,50321.0,69.89027777777778
656,12432.0,24.666666666666668
545,0.0,0.0
1991,0.0,0.0
1952,66833.0,19.13888888888889
1964,204101.0,57.85175736961451
1678,22332.0,29.53968253968254
1560,0.0,0.0
721,7507.0,13.03298611111111
720,19742.0,28.862573099415204
705,9345.0,23.598484848484848
649,11700.0,65.0
544,2405.0,9.543650793650794
1997,0.0,0.0
1963,26892.0,11.149253731343284
1688,0.0,0.0
1593,24269.0,224.71296296296296
1594,5205.0,24.09722222222222
1589,43225.0,85.76388888888889
1590,0.0,0.0
1632,21480.0,29.833333333333332
1245,0.0,0.0
716,2019.0,56.083333333333336
654,32285.0,59.78703703703704
648,9344.0,32.44444444444444
1595,26053.0,65.79040404040404
1601,76824.0,213.4
1592,12124.0,168.38888888888889
1669,0.0,0.0
1570,0.0,0.0
1237,10323.0,13.034090909090908
1209,37371.0,64.88020833333333
1218,15554.0,72.00925925925925
1222,7826.0,12.07716049382716
719,8141.0,15.075925925925926
768,14500.0,36.61616161616162
772,9516.0,14.685185185185185
657,21408.0,39.644444444444446
652,0.0,0.0
1723,13377.0,2.8365139949109417
1710,83332.0,23.38159371492705
1687,0.0,0.0
1670,0.0,0.0
1186,8491.0,7.608422939068101
1181,30486.0,282.27777777777777
722,8222.0,13.434640522875817
718,3385.0,23.506944444444443
765,48314.0,58.35024154589372
775,45632.0,52.81481481481482
655,33033.0,101.95370370370371
653,0.0,0.0
2022,0.0,0.0
2025,2304.0,0.37209302325581395
1724,19123.0,7.082592592592593
1591,20765.0,57.68055555555556
1696,0.0,0.0
1695,13139.0,24.331481481481482
1631,135964.0,222.16339869281046
1236,24024.0,14.198581560283689
1235,3426.0,2.504385964912281
1190,43776.0,86.85714285714286
1210,7707.0,15.291666666666666
1244,5770.0,7.632275132275132
1199,15155.0,26.31076388888889
1217,33266.0,231.01388888888889
1223,95200.0,120.20202020202021
651,2930.0,11.626984126984127
650,0.0,0.0
1951,33390.0,21.079545454545453
1714,51246.0,18.730263157894736
1600,13957.0,35.244949494949495
1597,36561.0,253.89583333333334
1671,0.0,0.0
1672,0.0,0.0
1573,0.0,0.0
1575,0.0,0.0
1581,12068.0,11.972222222222221
1188,7448.0,18.80808080808081
1243,11525.0,14.551767676767676
766,36150.0,35.86309523809524
727,6953.0,8.397342995169081
626,6087.0,13.006410256410257
1992,0.0,0.0
1965,20201.0,6.680224867724868
1565,8570.0,15.87037037037037
1673,0.0,0.0
1187,5315.0,6.710858585858586
723,3435.0,4.337121212121212
724,3440.0,7.35042735042735
767,3620.0,7.735042735042735
774,3675.0,12.760416666666666
631,1686.0,1.6726190476190477
624,3840.0,26.666666666666668
625,16522.0,28.68402777777778
1986,0.0,0.0
1957,2234.0,1.1282828282828283
1966,15722.0,6.151017214397496
1686,0.0,0.0
1596,10437.0,57.983333333333334
1655,5487.0,30.483333333333334
1693,9375.0,20.03205128205128
1694,60032.0,66.70222222222222
1586,0.0,0.0
1216,7749.0,10.7625
1211,4408.0,5.830687830687831
1228,23695.0,73.13271604938272
1173,21728.0,46.427350427350426
1224,4488.0,6.925925925925926
773,13932.0,32.25
637,3417.0,9.491666666666667
680,0.0,0.0
2021,11514.0,3.853413654618474
1681,13048.0,40.27160493827161
1682,82080.0,380.0
1653,9135.0,19.51923076923077
1654,25592.0,28.435555555555556
1563,5139.0,10.98076923076923
1572,8590.0,8.837448559670781
1239,0.0,0.0
1242,0.0,0.0
1213,19877.0,50.19444444444444
1212,3309.0,2.96505376344086
1215,5530.0,6.144444444444445
1171,7217.0,100.23611111111111
1226,7875.0,18.229166666666668
630,4485.0,7.328431372549019
636,3408.0,7.888888888888889
679,5774.0,20.04861111111111
1955,31248.0,36.166666666666664
1711,7580.0,10.527777777777779
1657,23803.0,132.23888888888888
1559,0.0,0.0
1293,0.0,0.0
1172,27877.0,26.702107279693486
731,9786.0,12.944444444444445
730,0.0,0.0
728,3485.0,4.60978835978836
627,16668.0,24.36842105263158
659,4781.0,12.073232323232324
662,25368.0,58.72222222222222
2001,0.0,0.0
1956,31262.0,66.7991452991453
1656,10980.0,15.25
1636,14380.0,22.191358024691358
1566,12005.0,23.819444444444443
1561,5133.0,5.280864197530864
1240,3450.0,4.166666666666667
1227,15771.0,31.291666666666668
864,34481.0,73.67735042735043
729,17450.0,24.23611111111111
628,3903.0,2.644308943089431
658,0.0,0.0
632,12386.0,34.40555555555556
1953,35668.0,36.69547325102881
2024,0.0,0.0
1683,0.0,0.0
1641,18055.0,71.64682539682539
1658,43973.0,305.36805555555554
1290,13519.0,17.882275132275133
1214,0.0,0.0
1232,141009.0,230.40686274509804
851,4926.0,4.718390804597701
661,55970.0,74.03439153439153
635,1701.0,3.9375
1950,17796.0,82.38888888888889
2023,0.0,0.0
1640,12628.0,43.84722222222222
1634,57391.0,99.63715277777777
1567,5148.0,14.3
1569,0.0,0.0
1562,5136.0,6.484848484848484
1286,8561.0,14.862847222222221
1231,60053.0,75.82449494949495
865,11795.0,29.785353535353536
856,5803.0,20.149305555555557
863,2520.0,11.666666666666666
663,24805.0,43.064236111111114
1981,9028.0,6.116531165311653
1684,0.0,0.0
1645,25375.0,78.3179012345679
1638,37800.0,45.65217391304348
1635,23342.0,54.032407407407405
1584,8640.0,6.315789473684211
1297,3720.0,3.4444444444444446
1296,34677.0,30.1015625
1291,12305.0,26.292735042735043
1288,3675.0,10.208333333333334
1282,15834.0,25.872549019607842
855,5796.0,23.0
930,131505.0,96.12938596491227
629,1677.0,2.117424242424242
638,3997.0,9.252314814814815
1990,0.0,0.0
1985,0.0,0.0
1954,62468.0,102.0718954248366
1973,0.0,0.0
1976,0.0,0.0
1969,0.0,0.0
1725,17226.0,9.96875
1726,90046.0,38.48119658119658
1603,68172.0,105.20370370370371
1568,5151.0,11.92361111111111
1574,13755.0,14.151234567901234
1241,3453.0,7.378205128205129
1346,5328.0,4.625
1294,13585.0,62.89351851851852
1280,32758.0,113.74305555555556
1230,23751.0,36.65277777777778
862,9223.0,12.809722222222222
667,14091.0,55.916666666666664
633,6204.0,15.666666666666666
1994,27233.0,39.81432748538012
1974,74250.0,98.21428571428571
2026,0.0,0.0
1685,5601.0,6.223333333333334
1587,0.0,0.0
1588,0.0,0.0
857,61476.0,51.74747474747475
860,5852.0,20.319444444444443
861,22599.0,104.625
932,59787.0,61.50925925925926
670,14875.0,41.31944444444444
660,10795.0,29.98611111111111
634,4523.0,9.664529914529915
1975,81037.0,118.47514619883042
2027,0.0,0.0
1639,154972.0,358.73148148148147
1602,19217.0,76.2579365079365
1637,5397.0,24.98611111111111
1585,0.0,0.0
1583,31069.0,17.97974537037037
1345,14641.0,11.961601307189543
1295,13596.0,15.73611111111111
1299,0.0,0.0
1281,19456.0,19.3015873015873
1229,5650.0,15.694444444444445
676,3170.0,4.6345029239766085
669,6789.0,14.506410256410257
671,22379.0,36.56699346405229
1999,0.0,0.0
1989,86077.0,42.6969246031746
1984,15820.0,5.707070707070707
1978,9016.0,12.522222222222222
1970,0.0,0.0
1713,18965.0,8.104700854700855
1742,0.0,0.0
1643,0.0,0.0
1604,54245.0,107.62896825396825
1609,15816.0,31.38095238095238
1292,65341.0,42.20994832041344
1287,7344.0,8.869565217391305
858,4160.0,2.751322751322751
859,23352.0,38.15686274509804
850,22100.0,122.77777777777777
674,13839.0,19.220833333333335
665,19483.0,31.834967320261438
668,3075.0,6.57051282051282
685,3235.0,6.4186507936507935
1993,15872.0,19.169082125603865
1987,29401.0,22.685956790123456
1977,9012.0,25.033333333333335
1940,0.0,0.0
1642,77804.0,144.0814814814815
1660,135938.0,134.859126984127
1759,0.0,0.0
852,4110.0,6.008771929824562
933,13315.0,19.466374269005847
675,8216.0,20.747474747474747
677,6355.0,17.65277777777778
664,3639.0,50.541666666666664
2000,0.0,0.0
1988,43011.0,9.190384615384616
1727,49842.0,55.38
1729,0.0,0.0
1564,0.0,0.0
1289,33129.0,41.82954545454545
1302,7497.0,12.25
906,5451.0,11.647435897435898
847,4065.0,5.376984126984127
684,3230.0,9.969135802469136
1740,0.0,0.0
1644,9055.0,12.57638888888889
1659,71577.0,180.75
1661,18385.0,72.9563492063492
1608,214121.0,313.0423976608187
1610,59831.0,75.54419191919192
1760,0.0,0.0
1780,0.0,0.0
1324,12945.0,6.784591194968553
1285,129430.0,239.6851851851852
1284,481900.0,361.78678678678676
848,5701.0,26.39351851851852
929,34965.0,42.22826086956522
925,15980.0,26.11111111111111
673,8140.0,113.05555555555556
666,9771.0,19.386904761904763
672,52372.0,145.4777777777778
686,3240.0,5.294117647058823
688,18228.0,26.649122807017545
1979,441980.0,323.08479532163744
1741,0.0,0.0
1662,29445.0,102.23958333333333
1343,0.0,0.0
1283,6095.0,11.287037037037036
846,4060.0,6.265432098765432
931,21804.0,60.56666666666667
1995,118092.0,64.3202614379085
1982,15806.0,4.621637426900585
1939,6642.0,1.7740384615384615
1743,13510.0,18.76388888888889
1668,18525.0,39.583333333333336
1756,5865.0,5.818452380952381
1758,0.0,0.0
1582,0.0,0.0
1298,36001.0,71.43055555555556
907,0.0,0.0
902,15351.0,25.083333333333332
845,4866.0,33.791666666666664
923,65573.0,82.79419191919192
678,15313.0,22.387426900584796
691,21037.0,44.9508547008547
1996,38624.0,20.243186582809223
2002,341244.0,270.8285714285714
1664,49831.0,138.41944444444445
1663,29477.0,116.97222222222223
1765,9840.0,15.185185185185185
1764,15733.0,15.608134920634921
1344,0.0,0.0
849,4899.0,7.560185185185185
928,4720.0,8.74074074074074
927,22632.0,125.73333333333333
692,3295.0,3.9794685990338166
689,1959.0,3.6277777777777778
682,3215.0,6.869658119658119
1744,17384.0,19.315555555555555
1865,0.0,0.0
1869,6390.0,44.375
1779,17874.0,27.583333333333332
1342,13290.0,41.01851851851852
1301,24930.0,15.054347826086957
1300,53466.0,78.16666666666667
1248,261756.0,403.94444444444446
905,87968.0,135.7530864197531
910,6391.0,8.453703703703704
869,33091.0,102.13271604938272
870,4250.0,4.918981481481482
924,21574.0,46.098290598290596
641,1722.0,1.7083333333333333
1980,20304.0,12.26086956521739
1739,15432.0,21.433333333333334
1864,8496.0,9.076923076923077
1665,18475.0,46.6540404040404
1611,37036.0,35.475095785440615
1781,27845.0,26.671455938697317
1250,209821.0,200.977969348659
1249,38397.0,88.88194444444444
1251,56087.0,34.6216049382716
920,64202.0,148.61574074074073
922,14955.0,207.70833333333334
693,2640.0,6.111111111111111
647,1749.0,4.858333333333333
687,2596.0,9.01388888888889
1983,40662.0,3.540752351097179
1862,46665.0,58.92045454545455
1667,46275.0,107.11805555555556
1757,9780.0,11.81159420289855
1339,52800.0,162.96296296296296
1340,144122.0,266.8925925925926
903,4520.0,8.37037037037037
904,4525.0,8.978174603174603
908,51011.0,54.498931623931625
690,5235.0,6.609848484848484
1998,131834.0,85.1640826873385
1937,6636.0,4.495934959349594
1738,30848.0,37.256038647343
1612,24735.0,22.90277777777778
1761,21536.0,35.189542483660134
1778,9920.0,16.209150326797385
926,4710.0,6.23015873015873
821,14858.0,14.231800766283525
697,3310.0,2.9659498207885306
683,6446.0,44.763888888888886
1730,105545.0,39.09074074074074
1863,6369.0,11.794444444444444
1666,114695.0,245.07478632478632
1341,198820.0,306.820987654321
1325,82947.0,121.26754385964912
1326,10389.0,9.619444444444444
1336,6575.0,5.371732026143791
1247,35828.0,248.80555555555554
911,4570.0,6.044973544973545
694,3305.0,13.115079365079366
696,0.0,0.0
1728,9590.0,9.866255144032921
1868,6387.0,12.672619047619047
1766,9845.0,17.09201388888889
1777,19825.0,27.53472222222222
867,66845.0,142.8311965811966
866,30415.0,52.80381944444444
909,4560.0,9.743589743589743
826,3930.0,4.366666666666666
639,5725.0,19.87847222222222
1941,6645.0,4.857456140350878
1755,97667.0,63.09237726098191
1762,115743.0,229.64880952380952
1328,14333.0,26.54259259259259
1338,40889.0,49.382850241545896
1260,39105.0,63.89705882352941
1259,5920.0,7.474747474747475
1258,40205.0,372.26851851851853
1252,52650.0,243.75
853,61014.0,60.529761904761905
901,25233.0,30.47463768115942
918,49131.0,136.475
646,5235.0,11.185897435897436
1934,13260.0,6.5773809523809526
1736,15403.0,26.741319444444443
1737,7708.0,13.381944444444445
1774,0.0,0.0
1261,0.0,0.0
1257,44878.0,62.330555555555556
893,10647.0,29.575
915,4605.0,8.527777777777779
919,16704.0,46.4
822,0.0,0.0
644,8090.0,24.969135802469136
1735,11544.0,17.814814814814813
1867,17019.0,20.554347826086957
1866,14878.0,12.155228758169935
1754,29265.0,203.22916666666666
1773,9885.0,22.881944444444443
1337,21073.0,146.34027777777777
1253,21104.0,48.851851851851855
823,6264.0,19.333333333333332
695,0.0,0.0
645,1740.0,2.543859649122807
1931,0.0,0.0
1791,28031.0,25.95462962962963
1794,0.0,0.0
1776,43582.0,63.71637426900585
1323,161625.0,224.47916666666666
1335,53874.0,83.13888888888889
892,4425.0,10.243055555555555
916,80273.0,111.49027777777778
917,10180.0,14.13888888888889
912,45795.0,84.80555555555556
828,7886.0,6.845486111111111
642,2875.0,8.873456790123457
1859,10580.0,16.32716049382716
1792,32064.0,26.98989898989899
1763,25532.0,44.326388888888886
1782,1991.0,13.82638888888889
1330,20912.0,30.573099415204677
1274,9629.0,11.144675925925926
1272,8407.0,14.59548611111111
890,127012.0,121.65900383141762
840,24120.0,60.90909090909091
643,1728.0,4.363636363636363
1936,0.0,0.0
1731,0.0,0.0
1804,10105.0,16.51143790849673
898,11661.0,14.083333333333334
891,112268.0,135.58937198067633
894,64927.0,66.79732510288066
913,109268.0,178.54248366013073
825,3925.0,4.542824074074074
824,16464.0,30.488888888888887
1861,14840.0,13.74074074074074
1860,48719.0,96.66468253968254
1797,0.0,0.0
1798,66331.0,61.41759259259259
1819,188405.0,290.74845679012344
1775,94971.0,879.3611111111111
1329,39144.0,77.66666666666667
1333,15747.0,20.82936507936508
1271,13200.0,21.568627450980394
1265,140587.0,488.14930555555554
1266,25053.0,38.66203703703704
1254,39979.0,44.42111111111111
854,1654.0,5.743055555555555
844,2430.0,6.75
1607,0.0,0.0
1734,19230.0,35.611111111111114
1793,6015.0,6.961805555555555
1747,31012.0,95.71604938271605
1746,34866.0,50.973684210526315
1801,18135.0,35.982142857142854
1803,44437.0,82.29074074074074
1275,6025.0,7.96957671957672
1270,3597.0,33.30555555555556
1263,27301.0,31.59837962962963
914,21160.0,32.65432098765432
827,57451.0,43.13138138138138
841,4025.0,11.180555555555555
843,8893.0,14.531045751633988
842,7257.0,33.59722222222222
1732,44160.0,28.527131782945737
1748,34920.0,97.0
1800,235521.0,436.15
1273,33656.0,51.93827160493827
899,9878.0,14.441520467836257
889,4400.0,24.444444444444443
820,13265.0,18.42361111111111
1606,5256.0,8.11111111111111
1796,12045.0,15.208333333333334
1805,42462.0,65.52777777777777
1327,59846.0,72.27777777777777
1276,38592.0,42.88
1255,11775.0,14.867424242424242
881,93425.0,70.13888888888889
798,60119.0,87.89327485380117
797,5316.0,11.35897435897436
839,4015.0,7.966269841269841
837,4005.0,8.557692307692308
1938,2213.0,1.4636243386243386
1932,11030.0,6.383101851851852
1843,23034.0,11.425595238095237
1816,51025.0,101.24007936507937
1802,78697.0,242.89197530864197
1279,7263.0,13.45
1267,119496.0,207.45833333333334
1262,7116.0,49.416666666666664
796,2274.0,3.007936507936508
1933,28704.0,39.86666666666667
1733,63403.0,60.730842911877396
1752,9735.0,7.953431372549019
1795,24072.0,23.88095238095238
1749,71860.0,153.54700854700855
1745,90881.0,109.75966183574879
1807,14168.0,19.677777777777777
1277,103807.0,106.79732510288066
1264,33281.0,38.519675925925924
895,165205.0,208.5921717171717
921,146481.0,339.0763888888889
836,0.0,0.0
1750,21391.0,148.54861111111111
1824,152452.0,302.484126984127
1799,6036.0,15.242424242424242
1808,44561.0,103.15046296296296
1315,16603.0,27.12908496732026
1313,17793.0,16.475
1314,34404.0,39.81944444444444
1311,67054.0,133.04365079365078
900,5397.0,13.628787878787879
819,6229.0,6.921111111111111
838,4010.0,5.569444444444445
1605,10506.0,16.212962962962962
1818,98123.0,227.13657407407408
1806,10115.0,20.069444444444443
1331,103416.0,143.63333333333333
1278,25389.0,28.21
1268,13156.0,13.534979423868313
896,9834.0,9.419540229885058
897,76157.0,124.43954248366013
883,7830.0,7.25
1924,24189.0,33.59583333333333
1925,13203.0,18.3375
1844,39830.0,19.756944444444443
1768,11826.0,36.5
1813,42777.0,99.02083333333333
1269,13172.0,19.257309941520468
1256,20059.0,30.955246913580247
886,77959.0,144.36851851851853
792,6029.0,8.373611111111112
790,3755.0,6.953703703703703
795,3785.0,7.509920634920635
777,5166.0,7.972222222222222
779,4446.0,17.642857142857142
1935,2211.0,2.193452380952381
1827,16549.0,13.520424836601308
1751,5838.0,9.00925925925926
1769,0.0,0.0
1812,16282.0,41.11616161616162
1809,101520.0,72.3076923076923
780,3710.0,7.927350427350428
1923,6594.0,7.326666666666667
1875,10690.0,8.025525525525525
1876,10695.0,15.635964912280702
1767,7880.0,14.592592592592593
1815,16315.0,20.599747474747474
1814,44836.0,155.68055555555554
1810,10160.0,9.407407407407407
1332,22287.0,34.39351851851852
1306,27665.0,48.029513888888886
789,4497.0,10.409722222222221
794,2268.0,2.032258064516129
776,3685.0,9.305555555555555
778,7395.0,20.541666666666668
1922,13181.0,9.388176638176638
1834,10405.0,7.811561561561562
1463,16912.0,27.633986928104576
1458,258155.0,199.19367283950618
882,30362.0,30.121031746031747
887,21925.0,26.479468599033815
791,2256.0,3.9166666666666665
1753,23381.0,17.091374269005847
1823,28811.0,61.56196581196581
1825,396528.0,500.6666666666667
1462,4608.0,6.095238095238095
1304,434791.0,503.2303240740741
1312,10149.0,10.842948717948717
1310,2527.0,5.013888888888889
888,25486.0,44.24652777777778
872,6827.0,7.023662551440329
799,31271.0,33.409188034188034
1917,52521.0,76.78508771929825
1877,36386.0,59.45424836601307
1878,10710.0,10.625
1785,5982.0,13.847222222222221
1786,5985.0,13.854166666666666
1770,31567.0,54.80381944444444
1821,47219.0,52.465555555555554
1826,6201.0,7.829545454545454
1316,0.0,0.0
1319,21856.0,26.396135265700483
1321,3870.0,11.944444444444445
875,8575.0,15.87962962962963
793,3775.0,5.825617283950617
1835,20825.0,16.068672839506174
1837,462870.0,357.15277777777777
1771,0.0,0.0
1772,243043.0,306.87247474747477
1820,264574.0,367.4638888888889
1811,12201.0,11.686781609195402
1506,48780.0,54.2
1303,27527.0,40.244152046783626
830,5541.0,5.700617283950617
781,3715.0,5.159722222222222
784,4476.0,24.866666666666667
1915,0.0,0.0
1914,21855.0,43.36309523809524
1842,35569.0,36.59362139917695
1459,9174.0,11.583333333333334
876,30065.0,41.75694444444444
871,5109.0,47.30555555555556
884,4360.0,5.046296296296297
804,3825.0,4.829545454545454
1856,8460.0,4.433962264150943
1916,50301.0,63.51136363636363
1317,291718.0,368.3308080808081
1309,23960.0,31.693121693121693
834,13582.0,16.403381642512077
835,0.0,0.0
783,5957.0,13.789351851851851
1921,39510.0,42.21153846153846
1874,36318.0,59.34313725490196
1784,9965.0,17.30034722222222
1787,17969.0,35.65277777777778
1822,22607.0,22.427579365079364
1507,4881.0,3.2281746031746033
1457,21336.0,32.925925925925924
1461,53695.0,93.22048611111111
1307,13849.0,54.95634920634921
1305,111769.0,147.84259259259258
788,2244.0,3.6666666666666665
787,0.0,0.0
1854,16899.0,10.916666666666666
1872,10670.0,21.17063492063492
1838,22946.0,42.492592592592594
1817,20425.0,25.789141414141415
1456,88261.0,144.21732026143792
874,4280.0,9.145299145299145
877,47300.0,62.56613756613756
782,0.0,0.0
1920,17549.0,23.212962962962962
1918,10955.0,20.287037037037038
1879,38574.0,32.46969696969697
1830,20755.0,82.36111111111111
1788,7992.0,8.222222222222221
1530,98240.0,75.80246913580247
1529,93119.0,64.66597222222222
1505,81189.0,93.96875
1320,99195.0,183.69444444444446
1308,273420.0,542.5
1360,6760.0,9.38888888888889
873,24795.0,27.55
829,11850.0,13.715277777777779
803,0.0,0.0
786,0.0,0.0
1833,8320.0,19.25925925925926
1841,94053.0,96.76234567901234
1531,3334.0,3.1934865900383143
1460,96510.0,107.23333333333333
1318,137156.0,253.9925925925926
1356,4035.0,8.621794871794872
1361,14888.0,18.7979797979798
833,3985.0,4.81280193236715
832,7955.0,9.607487922705314
802,2292.0,2.3580246913580245
1929,0.0,0.0
1873,64050.0,93.64035087719299
1839,20875.0,36.24131944444444
1783,9960.0,11.066666666666666
1790,38019.0,50.28968253968254
1789,11997.0,15.147727272727273
1454,25772.0,102.26984126984127
1322,9041.0,8.10125448028674
808,0.0,0.0
2350,0.0,0.0
1870,187528.0,137.08187134502924
1831,22853.0,35.266975308641975
1528,28228.0,32.6712962962963
1466,4632.0,5.848484848484849
1432,72221.0,83.58912037037037
885,8735.0,10.54951690821256
817,4662.0,10.791666666666666
800,0.0,0.0
801,0.0,0.0
2351,0.0,0.0
1858,0.0,0.0
1919,10960.0,23.418803418803417
1836,6252.0,15.787878787878787
1522,85873.0,108.42550505050505
1513,263396.0,562.8119658119658
1358,20235.0,26.765873015873016
1354,48313.0,44.73425925925926
1355,6720.0,9.824561403508772
880,2592.0,5.142857142857143
831,11105.0,14.68915343915344
2353,0.0,0.0
2352,0.0,0.0
1943,0.0,0.0
1828,105596.0,419.031746031746
1832,10395.0,18.046875
1840,22979.0,23.640946502057613
1455,74418.0,147.6547619047619
878,4305.0,9.198717948717949
879,7763.0,16.587606837606838
2354,0.0,0.0
1928,6612.0,20.40740740740741
1855,50736.0,88.08333333333333
1871,27719.0,20.81006006006006
1850,0.0,0.0
1524,0.0,0.0
1526,8285.0,10.460858585858587
1429,7340.0,16.99074074074074
1427,14651.0,13.565740740740742
1408,41383.0,95.79398148148148
815,3870.0,5.657894736842105
813,6934.0,19.261111111111113
785,10458.0,24.208333333333332
2355,0.0,0.0
1857,0.0,0.0
1904,10890.0,7.378048780487805
1847,12627.0,70.15
1532,66727.0,123.56851851851852
1533,26736.0,32.289855072463766
1527,4974.0,4.186868686868687
1453,24229.0,35.42251461988304
1501,8085.0,7.018229166666667
1464,143301.0,234.15196078431373
1428,8802.0,22.227272727272727
1353,6695.0,92.98611111111111
1409,4284.0,13.222222222222221
807,0.0,0.0
2356,0.0,0.0
1944,0.0,0.0
1829,16587.0,41.88636363636363
1887,21555.0,37.421875
1525,1656.0,1.7692307692307692
1523,6618.0,3.751700680272109
1465,7715.0,13.394097222222221
1512,26149.0,48.42407407407408
1510,16315.0,10.539405684754522
1419,4344.0,5.746031746031746
1417,72176.0,74.2551440329218
1404,7105.0,8.580917874396135
2357,0.0,0.0
1930,2205.0,3.223684210526316
1927,6609.0,7.981884057971015
1886,15074.0,11.963492063492064
1521,8250.0,12.06140350877193
1357,8079.0,11.220833333333333
1418,7235.0,10.04861111111111
1410,345818.0,505.58187134502924
1405,11381.0,14.369949494949495
809,3064.0,42.55555555555556
1851,16877.0,29.30034722222222
1845,58762.0,181.3641975308642
1846,12615.0,50.05952380952381
1849,12645.0,31.931818181818183
1535,296316.0,228.63888888888889
1452,15125.0,17.505787037037038
1451,25687.0,142.70555555555555
1431,47104.0,27.25925925925926
816,7755.0,11.337719298245615
818,0.0,0.0
805,0.0,0.0
1945,6657.0,7.112179487179487
1898,169109.0,109.24354005167959
1899,219359.0,90.94485903814262
1508,22795.0,30.152116402116402
1393,32246.0,28.89426523297491
1403,15607.0,144.50925925925927
2358,0.0,0.0
1906,4362.0,3.274774774774775
1852,10555.0,7.329861111111111
1534,120453.0,196.8186274509804
1536,8390.0,9.710648148148149
1509,8150.0,10.78042328042328
1502,29127.0,53.93888888888889
1470,4653.0,12.925
1511,8165.0,8.400205761316872
811,0.0,0.0
2359,0.0,0.0
1946,2220.0,2.466666666666667
1942,19953.0,23.09375
1848,10530.0,41.785714285714285
1514,8185.0,6.315586419753086
1430,45559.0,52.730324074074076
1359,8106.0,12.50925925925926
1420,18852.0,14.961904761904762
1406,24222.0,26.913333333333334
1437,11843.0,23.498015873015873
810,3068.0,8.522222222222222
2361,0.0,0.0
2360,0.0,0.0
1926,6606.0,22.9375
1885,30115.0,33.46111111111111
1900,6519.0,3.852836879432624
1515,60643.0,88.6593567251462
1468,71134.0,49.39861111111111
1426,8775.0,24.375
1407,15686.0,15.024904214559387
812,10757.0,24.900462962962962
2362,0.0,0.0
1948,6666.0,5.786458333333333
1884,30077.0,25.317340067340066
1516,19699.0,20.266460905349795
1504,25947.0,17.160714285714285
1481,50328.0,48.206896551724135
1469,38717.0,31.63153594771242
1436,23653.0,54.75231481481482
1903,13059.0,7.885869565217392
1881,23595.0,40.963541666666664
1894,19467.0,15.45
1493,65559.0,75.87847222222223
1500,40392.0,561.0
1503,25920.0,48.0
1394,5612.0,6.777777777777778
1392,44799.0,59.257936507936506
1352,25422.0,39.23148148148148
1401,7075.0,10.91820987654321
1905,17437.0,7.568142361111111
1853,0.0,0.0
1517,207031.0,273.8505291005291
1482,7875.0,6.076388888888889
1425,36512.0,112.69135802469135
1415,12951.0,89.9375
2364,0.0,0.0
1947,4442.0,6.494152046783626
1893,10810.0,11.121399176954732
1491,7980.0,15.833333333333334
1399,11299.0,12.554444444444444
1416,14415.0,13.347222222222221
1439,23733.0,109.875
1435,0.0,0.0
814,4635.0,42.916666666666664
1902,32625.0,28.3203125
1880,8576.0,18.324786324786324
1895,166687.0,385.849537037037
1518,11525.0,13.33912037037037
1397,52059.0,160.67592592592592
1350,6680.0,20.617283950617285
1351,32088.0,52.431372549019606
1440,35653.0,90.03282828282828
1438,7410.0,102.91666666666667
1368,25870.0,179.65277777777777
2363,0.0,0.0
1949,4446.0,4.94
1882,45066.0,59.611111111111114
1896,2166.0,2.865079365079365
1520,16490.0,21.812169312169313
1450,7550.0,7.231800766283525
1467,23175.0,321.875
1395,14045.0,18.57804232804233
1372,91656.0,363.7142857142857
1442,43234.0,80.06296296296296
1367,6795.0,15.729166666666666
2365,0.0,0.0
1889,6473.0,10.576797385620916
1519,14832.0,15.25925925925926
1490,4785.0,6.329365079365079
1480,7850.0,6.814236111111111
1396,7030.0,10.848765432098766
1348,19999.0,46.29398148148148
1402,24072.0,30.393939393939394
1400,15554.0,13.50173611111111
1413,12901.0,39.8179012345679
1365,0.0,0.0
2368,0.0,0.0
2366,0.0,0.0
2371,0.0,0.0
1888,0.0,0.0
1883,2147.0,4.259920634920635
1497,366624.0,536.0
1492,22358.0,28.22979797979798
1445,26937.0,44.01470588235294
1391,12582.0,58.25
1371,15030.0,41.75
1909,8728.0,3.1082621082621085
1897,10835.0,12.03888888888889
1471,23290.0,28.1280193236715
1398,26781.0,185.97916666666666
1412,7160.0,15.2991452991453
1901,10870.0,9.14983164983165
1891,15120.0,14.482758620689655
1496,20878.0,25.214975845410628
1449,16599.0,10.722868217054264
1489,186371.0,166.99910394265234
1484,31621.0,43.918055555555554
1446,27010.0,68.20707070707071
1443,8955.0,41.458333333333336
1433,22130.0,30.73611111111111
1414,28726.0,53.196296296296296
1441,14885.0,34.45601851851852
2367,0.0,0.0
1890,6477.0,5.803763440860215
1892,2161.0,6.669753086419753
1448,64795.0,119.99074074074075
1483,44175.0,49.083333333333336
1373,80853.0,224.59166666666667
1370,30013.0,104.21180555555556
1349,9345.0,28.84259259259259
1910,15281.0,32.651709401709404
1907,0.0,0.0
1494,30442.0,36.765700483091784
1487,60418.0,76.28535353535354
1447,27067.0,35.80291005291005
1411,7153.0,49.673611111111114
1495,8020.0,8.251028806584362
1444,64242.0,127.46428571428571
1378,75900.0,191.66666666666666
1376,15125.0,30.009920634920636
1362,5420.0,8.364197530864198
2369,0.0,0.0
1434,113729.0,210.60925925925926
1911,6552.0,2.84375
1499,16135.0,24.89969135802469
1478,125326.0,108.78993055555556
1479,25099.0,31.690656565656564
1485,28507.0,60.912393162393165
1390,36311.0,34.780651340996165
1424,27702.0,20.7972972972973
1377,48186.0,102.96153846153847
1374,0.0,0.0
1908,0.0,0.0
1912,0.0,0.0
2372,0.0,0.0
1477,57831.0,44.62268518518518
1379,11052.0,21.928571428571427
1375,31566.0,30.235632183908045
1364,12218.0,48.48412698412698
1363,24408.0,135.6
1913,0.0,0.0
1498,25766.0,21.688552188552187
1475,104453.0,116.05888888888889
1486,84077.0,75.33781362007169
1388,110126.0,109.25198412698413
1488,0.0,0.0
1389,76725.0,106.5625
1423,112189.0,207.7574074074074
1474,49797.0,60.141304347826086
1473,15540.0,17.266666666666666
1383,6935.0,7.705555555555556
1387,33432.0,54.627450980392155
1422,29095.0,62.16880341880342
1421,10168.0,56.48888888888889
1386,0.0,0.0
1476,20291.0,112.72777777777777
1472,0.0,0.0
1385,12523.0,38.651234567901234
1381,6925.0,11.315359477124183
1380,9684.0,33.625
1384,20835.0,19.95689655172414
1347,0.0,0.0
1382,6930.0,12.03125
1541,8425.0,10.637626262626263
1547,8490.0,19.65277777777778
1546,33910.0,55.408496732026144
1557,8540.0,237.22222222222223
1540,87521.0,162.07592592592593
1539,95874.0,102.42948717948718
1544,6768.0,15.666666666666666
1549,8510.0,19.699074074074073
1548,23801.0,33.05694444444445
1545,401241.0,1013.2348484848485
1553,8535.0,10.307971014492754
1538,33615.0,62.25
1543,32112.0,46.94736842105263
1554,0.0,0.0
1542,28676.0,46.8562091503268
1537,1679.0,5.182098765432099
1550,28963.0,32.181111111111115
1552,8530.0,23.694444444444443
1551,6820.0,21.049382716049383
1558,13677.0,27.136904761904763
