countryid,value
541,66761.16523708808
311,64205.4200182946
540,58601.801537844505
539,136993.1655368341
310,96649.92813813208
314,370017.81215200323
524,360785.0295768628
523,168857.93191414137
309,275515.760443717
318,88837.53640599997
316,167634.07265831955
307,88076.61408421704
313,257350.7804309871
317,33422.066572738855
526,80856.04368423886
525,81922.249729993
306,221713.72848523877
505,49138.778567712405
312,244399.17928264162
315,227653.11742676244
528,252503.88310021407
2346,82892.15725161089
2343,70234.42071458326
486,500078.4349245859
504,563308.7349015749
2342,159860.87785164526
308,359969.0328120392
481,340896.731952461
483,316021.24966999306
527,227364.58361575156
511,135358.06550768978
492,112055.0096132918
512,132048.31026122914
484,229183.11293567016
491,541750.8952113184
2345,154065.27164717324
535,163124.05179919722
2344,97636.4448998507
482,249678.2670367979
479,414533.34419447224
2348,49464.32867105003
477,1156586.0259114243
485,449738.15697614197
538,668806.2511164858
493,115269.82013520593
320,296634.90971423173
478,542686.3881625427
513,404345.76187641936
533,308114.24293447635
498,111822.22382823145
502,218088.70214645282
506,243901.97412477396
2347,60976.40049512511
322,429648.9606166135
534,289247.7461604282
510,259170.82792592983
2335,192927.76655740247
509,151889.94925570057
2341,75444.63584270456
480,264505.25423623755
503,323227.5645993729
532,373571.20068180707
530,451037.1246509931
529,682837.5950699716
2337,217808.89251617537
499,1186768.9505140518
536,557596.2477234163
507,764886.4537812716
495,215133.13898560102
496,70732.04513998015
494,444794.6911139218
497,347690.06914666685
329,104330.76366235942
531,422438.37385148444
469,457772.4919218886
471,160417.5831345377
466,390344.7513792813
508,329622.18435572996
489,220098.4090558126
2340,72124.87456048465
470,139313.25844550697
2339,237000.97054732437
537,696367.1420500006
465,598377.8970556539
319,247739.95532857362
452,266537.5762824644
515,703383.6122559377
2266,333023.70671384106
500,361385.2958270185
467,218692.93669436578
323,226821.60013492938
454,632284.9074906791
501,310042.45633777627
468,536942.576905454
321,294052.57115194324
451,224666.6534744049
464,3884317.6271546423
473,586502.7520359732
518,359243.6883084034
490,330436.18858280114
514,82635.8954428153
455,397385.12030753045
474,884631.0526041647
472,216043.77294736163
297,85503.02360345717
296,272732.23706804845
475,544919.2748080705
520,440227.44704534067
488,192513.60710089406
2278,220692.5670383518
446,168132.52322395946
450,750504.6145760202
326,55972.64591598188
447,1049563.8708761605
476,632749.80572427
487,706477.4201978936
2283,70038.14707251595
2281,245551.92522540092
2338,911261.644427721
2277,250839.31938668102
2276,228703.8529202243
2273,772419.1516512418
330,83953.30046589942
2336,576013.6344426253
453,335170.15892780054
449,264153.93253819767
418,1038145.7614547497
2282,162576.3323427003
2280,62905.19221465308
2271,64618.59292440954
327,30300.739687557783
281,237512.52435660065
522,321150.92569174024
2275,174942.20187410072
2274,90915.51218223888
2279,130740.43496918786
325,223458.6246610918
416,972569.227823632
2329,319262.28711439547
2325,74425.41735327411
282,280777.09137367515
419,769671.5193844546
516,676417.4856863398
448,537892.7817082797
424,578763.3929316152
517,219873.82485297753
291,524796.7893385137
417,716579.6750014675
458,430567.1446105689
519,33662.09171870028
2327,379103.4887020405
2349,55246.595982173174
283,181494.69980758918
521,408816.924120694
2334,153763.13970667156
2272,25637.571773982363
284,168350.06081965522
421,505760.180010608
285,232513.76300591865
293,297134.49893238
430,356400.391416002
429,964250.3084634766
420,1494532.3784949565
422,383358.5438990349
2265,3711248.3655652986
415,3495365.363193809
462,205080.9592418539
2328,803427.0791946097
2326,36435.647917832284
290,890900.4153891816
2270,580775.7619393197
324,13927.566740811804
328,102858.0925921047
292,532613.8460203018
427,842613.3307145064
2330,191866.40507268312
2331,293849.6382788638
2267,366111.6329027571
428,471241.57794751547
2290,174559.41493562574
2268,223902.86943239538
295,413481.80613827467
459,145235.80623587745
2332,186472.10906690764
2333,192826.9756146403
286,396267.1205086496
402,1349273.569695001
425,435324.9191590893
423,335905.4912448203
463,210554.17630583447
460,331369.8020124299
2269,136497.82097163345
346,147989.59876031667
294,133421.49990302316
426,60682.91672279614
433,576849.9159103179
432,482639.7986750488
456,248835.39836095055
457,102271.73880812402
334,62903.17323813095
401,407698.17558448145
333,38612.03375847417
289,487252.4358343146
359,330704.7799233383
438,494819.5458780651
404,585364.4988110941
431,41158.95717787711
461,293015.1587755493
2291,60609.13820718928
2145,49129.33593285669
356,32785.6591016482
392,355905.79455182946
436,190635.21225214988
442,186543.32461667995
441,211980.95585474497
278,120862.26135843924
332,27719.44989704729
280,728866.6131279209
2298,260022.81787541055
2295,406618.33961789263
335,77737.63443699191
127,427259.9229818593
360,617122.1224485807
2285,140162.06020723842
391,1256456.3926942062
403,61873.726174473384
400,731248.4652502475
437,339185.0928278265
351,121055.14340363689
374,292211.0259747562
2294,195615.24342703473
352,61690.74466767342
407,364543.67885678285
361,1069109.08053497
399,13925.997624820617
2284,679710.9821344204
2289,178787.922027676
2292,74258.83717179281
339,104157.27971190584
287,740883.4383829519
409,497422.0358651948
444,96561.42444602087
340,153900.32020569744
108,191631.6948136879
331,112396.25753235629
390,137386.0481181664
383,424703.6977863584
357,6573819.181091597
435,593431.236232392
355,25184.463796910564
125,338522.9843464445
371,765697.6487505106
372,362865.0662327538
440,387068.18544226995
445,159908.13441011086
345,190574.30917935315
109,175932.58787270222
406,809645.3482700418
373,247901.4474302641
2299,250846.8217638107
2147,152633.50577705112
354,563228.2381507562
275,1534817.0135255875
344,123829.32744534589
124,369344.8556852164
288,529722.1471120806
386,615415.2573039479
434,100311.37111756697
443,23242.663280707387
2297,276184.67633949744
384,427351.4461346612
358,516309.4582127908
2286,119174.62082221918
2143,195293.35014994445
405,235200.92238772506
110,145971.2306745003
107,329425.33941361087
408,432804.9135660457
368,383336.77437347086
395,687120.3445588606
375,836697.083973466
376,315020.85914924403
377,311577.914408483
439,174729.88025899557
2304,52040.90491227455
2296,346961.9565496309
277,151328.0505292076
341,223698.3102105999
117,215678.65862610997
120,727635.934892615
410,561113.0729180503
385,730864.7724649571
398,430741.4040851466
394,752101.7696987619
2287,46628.949390242364
274,125305.20402211545
122,498781.4873900552
393,171925.56220635035
2293,788607.7495174787
353,224642.46501480284
347,479435.61557664006
348,219320.79685808023
350,180911.41910598925
338,125121.06335361801
343,446400.1297238736
118,87777.89747307949
123,510032.93291539064
411,657423.4870621862
382,790710.0898461186
396,19850.627389644527
367,1708563.2352284002
269,1012123.299941229
119,63252.61121937847
413,539325.8704199222
397,1143521.9238825461
370,1664837.5836580493
381,572086.4441104998
379,431371.21820429625
114,388399.939131214
5,375689.2500407226
2301,78062.58393231592
2141,128905.89244317084
2144,111529.61582539712
349,108541.60640421622
270,1254058.4968332322
105,190501.72409847964
389,596927.7780004035
2300,313901.65152122703
303,289085.443524086
276,296570.1778232129
342,186782.8642329156
106,721259.7614433151
7,321158.1166694031
414,916734.7789332129
369,483947.979758343
2302,249653.48880974273
272,179537.9168179706
337,201408.2762225731
170,209112.07487013435
113,509471.49120627565
6,472703.9311971543
121,374776.903304038
126,250807.6078300744
387,255258.8472271579
2305,138926.04822086805
44,506513.5960314165
299,940003.1045628068
271,120517.76718732885
169,331909.4456073198
115,311901.3892682268
412,579760.9157152135
388,906265.9553564101
168,1658815.3714685037
116,430538.4970087412
37,394147.3137876382
2288,77213.49012646795
300,484363.4091710364
199,156094.62200044125
112,153002.47368150792
2,972603.2717207031
4,273818.7766709815
40,649707.7760441113
378,66020.92610998891
2316,459837.30535543815
302,210876.02361816666
174,161439.5139918138
175,159134.91591649142
111,416740.375729251
1,16292653.140323922
13,801204.7350835627
42,647071.7797856564
46,427143.2527824521
273,86044.57179709672
47,301390.36693747813
43,482047.03373186896
364,1069799.9632944574
366,820491.7416266778
380,1111007.0917864826
2142,338766.1267654399
298,487850.7621681548
151,315662.36434184783
38,652965.1150626154
33,1565660.0068911433
34,593535.753128864
2315,326986.7342675084
2128,190793.7832792475
2152,118967.13158071012
196,764855.6950374367
200,402362.08613202244
171,209689.42294373448
85,322208.0750274411
149,185048.35953113265
365,566155.0753254333
2146,10421.17439034175
2149,395671.80656042875
279,200165.18994697538
305,359615.9610593104
173,313812.2701296439
3,3184468.5133771016
146,513284.02775113145
10,764141.5099183496
32,909229.22400709
45,557559.2491554563
2151,102355.41449060592
197,230610.92470752491
198,325363.6854943239
2307,1018313.8676321579
2319,685241.6252900321
237,57157.64958814315
172,236107.87913820567
92,266233.4048513868
143,1087517.4603867938
9,961711.5174813062
11,419095.0347922021
41,719590.7178020402
35,727860.2994226549
2306,35003.149901298406
2321,242203.93811979622
2322,174289.3494871377
2323,278706.0673118981
2324,38735.280035869575
2097,384787.74482509476
95,682932.7135723596
101,589575.1426859857
144,468792.1367492087
36,496683.70080670447
2303,310374.4177527188
2308,354206.784783024
2148,431634.09977201076
2155,221110.91398719169
304,140183.293196243
2096,497250.1461543711
235,91623.13877525594
232,103094.3409534742
229,217198.03984650914
145,364326.6267490895
39,283396.3647420136
2314,197391.9573381095
2313,257558.56941018076
2239,57047.88649522605
2248,38089.43295056458
2251,187092.60690980233
228,266974.95380656
88,736817.0871302686
104,243289.9206596941
8,9718767.21210721
362,3024631.076237443
363,4255.053715701564
2241,83957.87096414002
233,87262.68321479722
150,508074.1351672748
2244,39097.2174020788
2249,544333.1508510989
2250,28445.915123883664
236,103650.7601423599
230,199233.72854090054
238,425045.29305285617
86,219670.79350556651
89,467841.05999457295
98,412149.9522195537
83,386210.0420426903
87,697847.8139671396
91,238813.99946464642
100,396842.61115488963
2309,291037.1376767505
2311,943026.7506029134
2215,41885.81745588607
2153,128029.27913760356
2130,353881.29957250034
227,208394.13097781656
94,566321.4293320985
148,642955.5048718174
12,1201088.990617362
2095,334680.7646064067
234,118569.9762008431
96,552160.2135436601
82,99190.92196149932
84,1741725.9030143842
140,744915.4232574455
2320,346046.2679904506
2247,101345.50552511745
301,76452.08262250945
147,452574.47907927696
2150,181012.07127595542
2129,82217.06835964105
2245,871766.1578828504
261,264970.0469203356
24,456150.43825946894
19,333492.13532199996
18,592639.2863527761
93,315753.1657361384
90,493665.1081057331
130,340991.0353982469
231,137104.5612894945
225,616697.3856733879
226,182227.20620191726
102,1020787.1894061207
97,492943.45395724353
142,725366.693047858
141,442228.9217795832
265,163096.97789621435
178,231807.05533393295
30,486886.69535424066
103,492968.97593769635
99,148929.9327190198
134,436362.47311406396
129,1016128.5212476902
2312,573439.813877527
2246,1184054.0910016748
2258,240423.90592549686
165,149879.9674599469
128,132585.4369783439
2317,42996.37507987638
2310,233419.01384235537
2103,198291.17128528407
16,641377.538072705
28,864403.7700451135
23,515179.2838914595
21,203022.60018174472
157,341584.1548220402
156,208951.0401524628
137,652124.5345234696
2257,528727.5418429141
2098,583364.5626582553
262,458342.1301207753
166,103463.56269711051
15,825569.142278318
31,2690300.0137816793
139,563651.0268479255
138,176123.30122132887
132,144072.5010473437
1030,215739.46692809972
957,789.6626916673802
2154,965306.7846542712
2255,180697.4019812256
266,83926.25701198044
167,245467.50303149188
206,500029.15944223525
177,634780.3768486355
14,303090.46387487906
29,491307.1892045863
27,578217.5551193594
162,565907.8674822947
155,207229.67017758996
135,290950.83320816094
133,451942.3504849111
952,828620.1175117034
2318,638450.8332044192
2217,36731.60901712676
2252,304594.2037087356
2099,349024.5923088135
2102,105992.55758419332
163,3500792.9282583813
176,173287.05396444962
17,523491.1816645028
154,417696.5051405902
160,557289.5731394086
131,359801.1498408001
1011,224103.57445070916
1031,319665.52307464706
2156,295253.8701949533
259,416660.00487893424
25,770692.3563147805
2240,241063.72237906762
2214,115073.38814242996
2254,380425.5495573353
2100,316437.0061392116
2106,271999.99120854476
260,216548.70735285777
201,437634.48284842947
26,627066.9399347511
72,766729.5376861782
152,491022.701411596
159,622984.9654388253
1010,550007.3230945757
1017,705001.8455289695
954,382169.52816090063
953,302995.29888329154
958,547506.6499031512
961,439158.1899700697
2253,481617.8121881739
2101,273759.612334656
2104,133036.78358353474
257,97939.46895055457
164,449130.62602241064
205,281874.5546502461
22,490831.0462353872
161,498565.2534116961
136,210405.06641778606
1029,571767.90643222
2216,48347.94654697807
2157,232047.38879478673
2134,210318.89564437055
263,599292.3868382546
20,130729.97798853509
68,267754.1861580085
153,409746.02717170096
1009,768898.6251852096
956,1932382.2824473663
2256,397618.45748640224
207,151687.1243765493
204,176255.47793591977
66,328648.76327559416
69,497218.8467612138
74,132889.18491908262
158,973670.4847549722
1008,104672.67306410205
1012,603273.2426961303
938,642201.1215813151
1028,712867.7729307848
1027,423133.16675954737
962,731490.3253416619
963,776056.7913088229
990,345231.77868813224
2243,97920.23108456435
2205,296631.6622852541
2077,168914.33628242352
2074,241292.97536139813
2105,178909.6642971134
267,105937.52911743996
258,493678.17114970397
208,305614.91875992407
202,63035.808982425966
67,359744.6479121465
73,362664.71287768433
80,337111.0035652797
960,747940.7894183691
991,869796.500131592
992,561063.5250923653
2242,43659.09935108461
2075,188501.0195909786
209,410541.0990602177
65,925679.9352840916
75,362331.1676092006
77,653793.1388332433
1016,387710.1081881543
1014,511016.0408215755
948,668259.5379868889
1032,357228.81081086735
955,464649.12381641724
970,865949.794081471
2132,456326.1059436604
264,100193.61582759403
268,185317.56494997322
256,445020.57771413994
211,562910.3097744713
203,175429.45596541272
70,293096.3552458226
937,590874.0708444989
2222,117803.73786403632
2211,243336.5415617229
2183,273288.0774876148
2076,165110.20962638946
187,164020.33708808766
64,121714.1168252224
71,325164.6068851846
76,356222.104032105
78,387825.04489472555
1015,451259.1946761408
1018,451402.6389358479
1033,869312.7066319407
947,550575.2714183423
965,1419852.8220499754
973,681450.2350438653
945,851833.9758694976
959,894694.9837767127
964,693601.7510909804
993,556000.8106355612
2206,1451116.5604006336
2125,419166.6429044785
2131,377378.56817291793
2260,532209.2824974378
2071,382453.0015900829
2073,208570.40717989596
189,152039.92193316147
63,1020652.1770628991
81,715477.0683483302
1025,526701.4037629149
1013,965191.3360088464
939,1322743.487382767
946,3279419.306322611
943,1834213.0708813437
251,94726.5273368289
250,90607.18308001084
210,276804.932456446
188,213046.46758773402
56,901205.1847573193
58,286791.18316131417
57,220386.5247937414
79,421049.68502530584
1026,980354.3251496322
968,1785001.800776679
2207,205454.82180208748
2210,228960.51011751164
2126,163014.1857006229
2184,99866.77415375022
184,272397.3148471859
53,400957.5192874245
62,253441.13163522913
934,4368649.73863589
2204,357741.78273691953
2072,143046.84393897824
253,231069.29528741754
255,97309.66233965874
181,201819.4520666817
49,846888.8627774871
60,337471.45645087515
1019,1185662.3398950456
1022,667598.7271496534
967,986646.5171865945
2259,462464.99876606296
2078,202613.87795621547
249,86218.59686449825
252,127170.05012458772
244,88503.0204317899
48,630513.9667231359
55,276050.4489478379
59,346015.26902007696
1024,774017.2290176484
935,892649.3544181627
966,1044836.829890494
971,1238713.5071810787
972,1002808.0216783627
942,780781.086018887
2208,106477.85078272076
243,428581.887287683
54,1601234.337859173
51,404753.7492131763
1023,386079.86027952953
997,1546547.3939354618
941,1247797.712567021
2012,37399.60895603166
2010,38221.655296830446
2224,157751.46026050503
2209,374788.8053621549
2124,2226383.5800915062
2127,368177.06282262446
2133,459424.6438039166
2185,67296.28545936389
245,101578.30549345737
182,374538.4268449446
179,255970.29955387954
190,158943.3837774018
183,159197.12769434988
50,631657.8625301725
61,881820.0140836763
52,582272.2244212795
1021,1231197.7123587267
985,1734342.4470492897
2212,201907.54708444365
2182,230551.84113909065
2079,171430.62805941651
2081,104320.73410517068
247,89927.01794644516
239,776278.4640598989
1078,1166542.281034929
1020,741724.0302410995
936,562507.4680113564
989,914201.2152162322
949,655021.9841299948
969,1076820.4577761858
940,1372308.8973055033
2236,44279.08172354606
2225,93211.8143923121
2192,566925.0208773861
2261,350727.03778585384
2264,163295.50484214327
2188,408086.6305835185
186,630868.5161842866
185,158557.7195988297
1074,1324058.0315136476
1101,434780.50526411843
1001,1166334.0711249893
2226,98858.15729468843
2219,108852.6754360958
248,317435.3897004394
246,127213.30402302844
180,548215.5612783286
1073,685525.7285564725
1077,1044003.1759840699
1103,361718.8330351464
987,607935.3692414722
988,1585406.3012989818
944,1105050.1467706382
2158,450013.4415628214
2080,134752.1239555252
2082,91404.3279972206
242,776010.119709807
192,245746.10209397363
1079,234280.95426091095
1075,464770.11467878
1100,595083.7097504074
1006,489119.4600634329
996,967651.3716925022
2213,155417.9092298366
2195,177762.81950744012
2162,446916.3299870761
195,461517.43499619927
1102,440138.90078568744
981,474954.35589765094
979,850511.2387254619
986,802323.547316129
995,876999.4787256396
2196,218578.01193561405
2190,490804.9361973863
2181,304141.5219099687
2187,326136.6634273731
2083,168802.6129871826
2069,468054.44114993745
224,201660.77535346794
216,335228.2366965884
217,469186.9688344794
240,155447.95874511605
241,201080.379341748
194,170481.80936361343
1090,513537.68059956236
1081,495376.9584371915
1080,815112.2812596078
1099,599923.700793385
1104,1221951.452663141
1039,1406055.4351890956
982,737794.3575401767
2018,19817.170260411367
2218,105005.87088539304
2180,466737.3421882611
2262,138470.87647422135
2174,500279.356652462
254,186746.6747946781
193,481380.78967649175
191,1031816.1307702634
1089,604884.5740138803
1040,662930.0747666762
983,888522.644865355
980,380259.86996999854
1004,1131995.0303535433
999,923557.3497259128
2238,26481.942010434028
2232,13983.76927221139
2189,130549.82935943714
2193,214072.8771900432
2263,86254.56669900476
2186,104096.12269598761
218,201225.19550021747
1076,1138976.4032047552
978,1177621.1981386365
994,1113201.9778756248
2223,75331.57958387787
2220,66537.86690116527
2203,292114.1003951226
2194,246825.72562159266
2175,261243.5297082641
2056,151920.57701586667
2036,143103.45489866365
214,588574.5961655518
215,431845.9816777003
974,1268271.1924157576
984,1170588.0533828412
1003,984248.0847470305
2016,8327.049557820317
2191,334182.5611960933
2161,310881.49444034585
2160,352949.4249982592
2159,348394.0421882318
2179,229229.43778280064
2178,156911.55191588408
2177,154205.75770656628
2067,206752.66660185065
2065,245295.00657275028
2064,395299.0995595298
219,210981.75810937982
1092,465243.18982898205
1083,1037608.1635150115
1082,501534.26316187164
1086,492976.65417928353
1088,764001.2346522306
1042,784124.2648144718
1034,1622097.7835161646
1038,849110.3428698826
2055,159926.28000787966
2035,517407.4724601164
2034,180109.90534332144
213,490242.1588155837
212,731165.6185037931
220,215455.80049189806
1097,481435.9769726434
1093,901328.5635630147
1091,106355.65819967451
1084,466193.4653885964
975,1488026.1836151269
950,2127908.012346317
998,2290445.361386679
1005,727837.2241319121
2227,59299.23507740595
2176,308690.81503685535
2054,390061.0694432859
1096,673627.2216430153
1087,858759.923544055
1041,604262.8744948076
977,711817.3993254896
951,1552705.4654120503
2198,247243.47582890786
2137,443083.28574546106
2140,183709.36850182593
2043,290653.3768662254
2068,531040.4310112358
2066,836003.0371381377
1094,681151.2686350577
1085,789218.3721084022
1037,782518.9585883006
976,312273.8966008805
1002,1732937.1382788233
1007,662515.9106003989
583,830632.4597789742
2197,114308.53977973067
2138,524994.9249497798
2057,177367.0472757373
2063,769340.7471016569
223,439735.4784386909
221,169621.82812474226
1116,462109.3488450675
1058,555525.978746885
1098,565415.2479307015
1095,542312.8523925336
1055,805302.0246994136
1035,1667929.9987333114
2221,43580.6061575675
2163,317654.416996193
2139,480280.69478154264
2136,298155.2915686786
2044,52760.40678322366
2045,89801.28693391039
2053,133059.21838064646
1057,454657.9678299808
1046,1148264.9267836637
1043,3963414.5286133965
1044,858286.0590711967
1050,182065.05011450907
1054,1528642.9108193174
1036,1278323.3131401637
558,1208963.5632465114
559,934801.4332857043
1000,884545.4441365036
2202,47421.88699808859
2135,1243802.1158040056
2052,336562.8096966029
2049,441621.72178261034
2060,608163.98745098
222,339339.3790660983
1115,81923.4693995562
1117,657094.4383170952
1119,13083.634815489944
1045,949567.0802600903
1134,605035.9737449444
584,1843478.5507929942
2235,49422.32817207216
2164,372288.98540027434
2038,1231181.1020855391
2039,333297.2508790968
2051,663384.5605449721
2050,714587.496388155
2028,5573575.904559578
1120,946011.4085500732
1056,1035609.8582405302
1065,830364.369833951
1051,1108857.3942511023
582,318051.38523972087
2040,340881.9195606288
2041,327117.9235607812
2033,276522.4918355598
2061,297938.2191163317
2070,286816.28718999657
2062,139395.99163113357
1063,507064.86883398547
1062,1427283.9976103802
1049,1087612.5992985535
1047,982610.8163404557
1048,734006.847479652
1053,782529.4095771362
1136,477582.68984272314
1133,1526925.0519560045
1138,870028.1466011782
746,723416.6140277409
560,2731846.077996975
563,1652460.1313530267
585,665770.1478397028
2171,539092.4364381994
1064,812016.4376779923
1052,575952.6438780407
1135,635989.7349847932
2229,38776.33792121216
2037,776053.3304847284
2058,362174.0607043627
2059,733184.4963267031
2048,476472.343146494
2118,403364.3655609536
1109,1178117.40686116
1139,987656.486719074
747,1304236.426364078
562,935751.5440924249
586,660982.9541781134
595,397783.7727096585
2201,54881.323653955
1708,89602.05935920887
2200,93264.78736928177
2166,251683.2143391222
2046,110075.28721207258
2042,575863.5262487968
2029,1834753.4326658223
2030,567236.4476579864
1118,343489.27229204326
1060,749109.6743804413
1061,631506.9878245774
1072,833777.7884346549
1110,727582.6945178172
1151,533366.0502789402
1140,1307539.4505450348
557,168263.67479806815
621,1516791.4120187338
596,597923.9731086205
2230,35995.81901067361
2170,351096.09854645596
2172,48337.554471155876
2031,1118237.9871501164
2032,899102.6964245492
2117,579477.5485285138
1107,593354.1024941045
1157,1064810.8860094752
1137,619035.9701940606
2173,156436.85531226295
2047,140604.60876939006
1059,310904.3269075007
1070,586397.302667181
1106,1415481.7259906125
1158,899206.8168939566
714,148028.22860832125
745,1130134.0134487872
561,1254118.8500485003
620,945333.436360363
598,699980.1045592049
1721,85242.16244295657
2199,214236.37594410515
2167,240355.82669115622
1069,2055471.7435649182
1067,544056.2974426507
1108,633443.0672916308
761,1390666.5589109145
715,2613164.864796649
748,1165690.7027090008
619,49263.91176388246
590,806345.304269022
2231,30929.661855468305
2123,156327.71976668265
2119,270462.53382715944
1113,559542.1847432135
1152,694610.5374090195
1156,1245039.2759195364
622,1122776.8560411236
589,1264047.4319311297
597,941893.72617301
2234,70612.00442509029
2093,43333.66028056113
2110,100351.62851074882
1124,439281.3089757265
1066,216587.01120638635
1155,828102.7133539902
623,1058633.6278244148
2017,14147.6500915825
2233,137186.28257795546
1701,113997.91749591351
2165,466507.54659541574
2087,287974.7690862144
2094,23366.042687787092
2121,441251.4695953766
2120,234537.9654206156
1122,614906.4797221177
1068,822372.1962904425
1112,673021.9970921038
1114,1300178.6250287245
1153,1297776.4394937872
1150,118327.93209219523
762,1185242.294859463
749,778408.8546398014
588,887542.7286784521
1707,82933.72556598263
2168,177918.1905175597
2091,176556.07316765407
2089,333878.18827219825
2086,421108.8569657383
2122,353055.6691738946
1126,635690.6919579505
1123,987545.1157722626
1111,94455.17416426633
587,805257.0145365172
599,758152.9740381605
2169,316195.8824340273
1161,664446.9930052116
1159,1263815.1165279497
1154,638557.3000383438
744,479015.7061384186
741,1126273.4753158821
709,577567.1717213653
594,379037.42836191016
602,498822.8339226298
1071,515260.0303696066
1162,1034501.591131601
763,1127620.070822384
605,663278.5977987084
600,1240689.8966630741
2007,37110.04848841863
1709,42141.00572095495
2084,187685.0164823892
2109,170555.7108367778
1127,847447.8685834842
1125,869842.397214738
1168,814624.4399913412
764,1099859.760931231
707,1141766.050974327
708,630553.5835478351
591,278559.483196234
2015,18935.119526405048
2228,27182.02817126414
2090,340391.8055297788
2088,362973.65385077713
2107,842797.6649206897
2115,400766.083174043
1176,365549.40471424395
1175,633424.9484775808
1121,1764703.6306468814
592,810241.17602746
593,551356.9874855145
1700,71837.2003207936
2085,979906.1243992074
2108,215027.26189431173
1128,530563.209013805
1166,526583.2577826737
1167,884201.5430462623
1163,858079.4216843634
740,1549036.8039878071
739,1459633.753534999
738,511203.8211300351
607,1107649.1924570347
615,1070545.5493803646
1624,174590.1698961823
1165,1103381.5988757114
1160,58776.362244710224
706,773485.2488870241
736,585186.3078437734
1717,83393.53117944852
1722,62859.825141412184
1628,159116.23390449915
2116,219379.4128869981
1180,503722.2260886575
1132,1593310.4424300685
1129,1434875.191431496
1169,891245.7655143788
742,1493665.3061418168
743,1370825.4953711648
711,711040.7894086755
710,757507.735720027
737,543642.9375367814
601,637015.6718944272
1626,867365.0749318736
2092,257518.25136799205
1130,723864.1806268479
1164,734179.2918921835
2006,29044.17285226834
2237,96255.96080515812
1719,80718.91021863319
1691,504769.75944150594
2111,298155.554843776
1174,867339.4746404696
1131,389557.76885661186
733,467290.54001275834
608,1068068.6476460146
618,1147175.685009471
576,680660.704321783
2014,23773.12181681253
2011,38166.27000971343
1706,39330.720371413816
1627,346200.2288669391
2113,235287.01588275642
1177,250470.45585910566
1196,363816.1826745356
1141,1346739.2176908723
1149,728816.488164933
1148,718631.2319372242
757,1419539.8023171597
756,1178978.6582523827
699,1396205.851270401
735,734787.672634548
732,454031.16168885346
550,669189.4939016995
606,751727.4611219079
604,1246400.5423797874
1972,30137.30642349179
1704,48738.331110376384
1690,565406.5890563499
2112,213192.5839156706
1179,412059.9109623227
1146,1083847.969274791
614,163056.06320782795
579,1106981.3622464174
577,627404.9631508166
1705,59295.276993679414
1178,451512.30700402695
1194,842574.7185776939
1192,1592316.9454891104
1197,1000003.9971502431
1233,1493462.2760314213
603,194957.0329315646
1962,56360.852556391015
1625,710561.0269544086
1680,414307.15205265995
1142,662207.3923585026
1147,620249.8763786649
609,201929.89004538796
612,205211.8166213561
617,1095437.8922231642
1699,129626.09149057559
1629,413882.4901186715
1571,189374.67818225658
2114,78807.26593740752
700,811753.8834811236
734,583062.1111491807
549,1135714.77451709
547,4755527.413502359
613,700374.1258145676
610,1306465.1298031043
580,1417391.363050163
1959,52061.601366615134
1623,108536.00030019355
1630,481786.9496295776
1191,742746.5380040366
1143,562267.7682945186
1145,540392.4232928667
548,2440100.1979224086
611,1328825.672832325
616,776474.1623543693
575,227581.2777508923
581,715241.95241223
578,585930.349236794
2005,60096.48603024618
1958,84486.96054474504
1689,1100994.850660799
1195,256836.43676125506
1193,668013.9491564765
1234,725518.5391091892
755,1641218.2946554055
701,4127724.4910389613
754,1071359.957622398
567,3929049.903312801
555,2215435.028350332
571,1452029.6429663673
2003,109080.2347323229
2009,40320.77431328074
1961,49639.205401227955
1971,24568.12734970153
1702,73457.20991934903
1698,55087.53473544
1622,252839.9675034739
1198,468815.7589665007
698,535089.2760236377
750,755824.0232084893
753,330843.239405394
566,1006613.2119981027
2020,6584.215328440079
2008,20357.022362870895
1716,51892.19772044267
1652,809955.5899189812
1692,861079.9321391813
1676,873711.9196335081
1246,89091.05485847528
1205,402416.9307023942
1144,345556.4885998645
759,578136.7072712844
551,464415.5818416211
564,194823.83354436632
570,1562667.9303899694
546,262158.3719405238
1703,67888.99305031972
1697,150129.39490320344
1617,501920.4400540861
1621,465682.1154142675
1618,1049526.5689423305
1576,1222834.2663390506
1580,363379.48117355123
712,210460.31024092057
554,3007078.9836420626
574,327455.3308560719
2019,14373.65813376562
1720,60019.30030764238
1647,1022023.3415723479
1650,773657.1111955058
1202,913434.9066056282
1225,699532.7610591309
713,746763.568205239
565,855129.6038856925
556,1615874.0124134524
553,1396401.1853845757
1718,56647.73452226231
1715,57496.23393130219
1616,426416.42989123624
1620,396746.2486214456
1675,1475590.8892382486
1184,128891.42888658047
1219,501554.7832146497
760,417548.75540096586
758,854911.1030663141
751,881919.1969851741
752,1175916.0948288382
569,4325263.703695405
572,2056710.9185443078
542,19509390.93029321
1968,35928.956870664944
1599,692112.270668157
1613,747579.2887954045
1619,1256847.3285214014
1648,578412.2178091777
1577,725053.2534718512
1579,501145.0516064606
1238,386933.4537502238
1182,815579.7852405608
1200,1235170.0020252953
1201,614552.7834876105
1208,561937.1649166009
1204,538544.7359607496
702,99861.783555763
703,778507.8311755537
552,441353.7625777023
568,1226573.7969223794
1712,76989.79455525891
1598,1033423.3133785657
1578,1023621.4330683935
1183,195464.69838536333
1170,10782025.642605498
704,1130531.0297148519
769,841063.6965760107
770,429035.4032614185
2013,7162.43481029361
2004,31874.208642073783
1960,31665.14946602226
1614,1041708.6628408913
1651,494898.9201998353
1649,693455.178830359
1679,1068649.4947498415
1674,161682.9911968949
1677,259799.3194585108
1185,439886.9192487348
1206,675342.2702702689
1220,424964.0078242485
726,750073.6779003553
573,1829267.7318209228
543,2824305.1368047297
1967,47915.658040791815
1615,528258.5908801876
1633,578851.9607915197
1646,1840682.0443149274
1189,466782.6097681347
1207,967250.5535441516
1203,550423.3096807105
1221,254467.97615148075
725,301411.53258542035
717,396249.9677415441
771,526143.3555702531
656,912775.8955161624
545,827498.2739386568
1991,47173.790996081494
1952,43719.268360134476
1964,34513.436885866584
1678,937329.8772422133
1560,1931515.640736876
721,569711.0083785871
720,1035943.1060621274
705,399367.1747604038
649,558982.3103357343
544,1447542.2870228584
1997,15497.247379226053
1963,47819.68451758124
1688,47204.02327795136
1593,586614.4161069806
1594,1110445.8436958282
1589,3676968.09083814
1590,484999.88614587905
1632,1118669.51664598
1245,1235552.2311253545
716,259263.5157567999
654,1503755.545492979
648,1698065.5853595017
1595,737379.6429199443
1601,1056665.9105605679
1592,662264.5901289193
1669,709506.7301362163
1570,683529.6059516706
1237,262206.42429849954
1209,1007228.4926586328
1218,238006.6668353423
1222,707150.3865478474
719,1155864.4665474514
768,203222.23936235253
772,333474.95587410894
657,594396.164318646
652,724415.1381081291
1723,92290.9577385903
1710,136594.28560879498
1687,94511.73053599852
1670,987776.7699225908
1186,480388.77661419654
1181,480385.6897576031
722,416100.50847879925
718,153895.36283452326
765,683807.2491775645
775,438132.7532196309
655,550094.3712255487
653,919594.7362107972
2022,27302.63156973388
2025,32922.39484927013
1724,43015.65823142325
1591,4589756.901510031
1696,1170049.1213312158
1695,716393.6579493188
1631,1181921.79065722
1236,658790.6589923844
1235,789214.6013350558
1190,443584.45071083243
1210,542828.4383363706
1244,1057559.7094900082
1199,1195944.8255590105
1217,199696.31210012452
1223,667416.405483297
651,1049045.118654995
650,597028.5519220256
1951,51292.81315045751
1714,66176.03677187019
1600,897566.1524160985
1597,787493.7136256538
1671,369854.2334075884
1672,925282.3208490516
1573,580415.1635425129
1575,791433.0191407463
1581,404465.70016121643
1188,398773.1988677482
1243,1109826.9912994162
766,441869.8948720994
727,431779.5202508729
626,2656930.7955264994
1992,33475.66547437434
1965,43895.14070253481
1565,819690.4325007123
1673,167276.37854718888
1187,225306.80140396234
723,653668.8833504139
724,489391.5228456115
767,94250.82834792169
774,90773.20527451315
631,670209.1535407417
624,2890511.5862504905
625,2599610.888583387
1986,57798.933110443584
1957,33390.98824940786
1966,48168.155383131845
1686,279156.19326888805
1596,337548.8857814806
1655,314093.6491743254
1693,685378.5912116317
1694,1065569.1637442664
1586,1207366.1630887883
1216,805373.25339788
1211,1437517.2947580174
1228,270637.7015879446
1173,1314373.9437168748
1224,719934.1151693689
773,142432.50393175703
637,731644.3110305292
680,55511.911439016236
2021,51672.62467664526
1681,368114.5778567154
1682,252051.4735611103
1653,918698.1186143489
1654,1293086.3266587383
1563,1001504.0513479009
1572,782681.2592404747
1239,253673.34668760884
1242,175337.06663021672
1213,364035.61934345926
1212,1019011.9688130751
1215,876522.2927372633
1171,414025.20869585575
1226,464423.96906247846
630,1593612.9741247592
636,1585557.6167651503
679,158400.0144605885
1955,193415.63189602963
1711,96579.31504124776
1657,181427.49706182457
1559,7741377.010682959
1293,485684.6858902694
1172,1148279.9113033346
731,202203.96222224366
730,36157.87655005636
728,364171.9946768172
627,643707.540549906
659,1823775.005641
662,1223829.6292043251
2001,12357.9911506656
1956,23683.514961213696
1656,401514.57130266464
1636,1182308.9690855555
1566,1153211.0298140054
1561,1281772.1194829429
1240,281600.61459612934
1227,431900.52582837595
864,283958.15889372333
729,428572.9130064431
628,426272.33128088963
658,212860.22423498813
632,881531.8145399733
1953,24066.004516544286
2024,208393.89109250595
1683,240014.85915277843
1641,326597.33806720906
1658,121147.3346588676
1290,742663.702539965
1214,629753.1185695129
1232,617562.8600860933
851,278984.77175854344
661,1812845.4010046883
635,3199481.4113659547
1950,54145.48061110963
2023,22807.632863221363
1640,317299.97964113695
1634,1185756.909148758
1567,485469.2598427384
1569,912912.952056611
1562,483626.0902597124
1286,421402.3249056766
1231,409877.3524853132
865,439243.43194917875
856,537471.6797730378
863,208976.81860134628
663,883828.641459645
1981,19016.54761711828
1684,298648.43238305015
1645,658011.4104252364
1638,1198454.5518714064
1635,695173.5858137512
1584,667798.3054618837
1297,284739.41470653197
1296,729111.3027965623
1291,677018.6934856332
1288,544431.8548496319
1282,664068.3311307081
855,693412.7780599913
930,1142877.475727465
629,563825.0461623264
638,1009448.7227313695
1990,47315.07944264679
1985,117274.71044571488
1954,85332.05591331325
1973,31432.828913420886
1976,7710.740317714644
1969,25044.016946513788
1725,32175.058065068068
1726,36051.42617096234
1603,890058.8976716261
1568,810961.3298924018
1574,377232.9121725721
1241,418088.34626407566
1346,350890.3358691336
1294,209818.28245260185
1280,356820.2253170142
1230,365988.1403843283
862,666960.6116625413
667,357388.11647404474
633,425213.3508019327
1994,19919.273851903286
1974,34991.16002386436
2026,41294.14632723412
1685,168491.86833398143
1587,1230460.709424814
1588,651797.2982816945
857,406395.19082464365
860,181946.79535524696
861,195816.23607648673
932,316288.9377102908
670,1442943.814026573
660,357920.0628327862
634,757927.9648610259
1975,41094.71657291814
2027,13575.869750000222
1639,393322.1786595556
1602,871609.282796653
1637,496206.0450831928
1585,1894324.9581891147
1583,658503.9032446453
1345,468527.8464210575
1295,558619.6235094446
1299,666552.5847464468
1281,1663030.0932834256
1229,352347.44061375206
676,275111.14515495475
669,886165.334947246
671,854285.4247869808
1999,12341.158864420051
1989,47104.65454551328
1984,39849.93296038036
1978,12686.13726752424
1970,15980.27432216318
1713,77031.94075702126
1742,181749.39353957545
1643,234715.15553891493
1604,1040280.1435452544
1609,911573.2737317145
1292,1360210.1380325304
1287,1138443.2422096978
858,680463.6433097004
859,591209.8281520901
850,463295.0485385589
674,850597.6951856662
665,1455486.7682766712
668,181455.99747629926
685,474526.9605060131
1993,33452.236270813395
1987,59236.57651058788
1977,32455.540992297323
1940,82746.11003835264
1642,386813.6111963366
1660,1320562.33407498
1759,237224.66565312608
852,680632.0530090694
933,255300.49425897715
675,281296.0972242583
677,326459.5878544014
664,109584.27042313652
2000,14106.880265775651
1988,50502.886046759864
1727,21652.45649488128
1729,145622.63747017895
1564,926245.0825892806
1289,952499.330519591
1302,498769.4924084342
906,132434.56570158375
847,2171871.792255952
684,237810.9185959881
1740,378539.5924936814
1644,207140.82795552025
1659,535855.2190830973
1661,291810.0004987983
1608,1446995.8250862632
1610,747473.4439317185
1760,345601.0375597097
1780,449070.1332918849
1324,538120.3516484483
1285,627022.9214541422
1284,898347.5877572787
848,161092.23607433436
929,1063186.2373575512
925,444099.9106675296
673,173728.06734740824
666,551903.205541118
672,774845.4002666465
686,482181.0993235226
688,972932.0045892448
1979,16513.674937638687
1741,271868.3901296947
1662,312127.1756933392
1343,198485.1132611004
1283,751052.3936699012
846,1804530.5821333935
931,373060.57897178887
1995,20253.263310736533
1982,39023.713813186936
1939,165405.86125813503
1743,157272.43161852498
1668,269579.96139243775
1756,475297.57732995023
1758,458661.8600524434
1582,550456.8390521572
1298,883014.6528030245
907,126938.33373484899
902,413346.15243506816
845,222759.72190986396
923,1151300.1135761081
678,577111.9054582668
691,406508.8493608393
1996,18301.475194822695
2002,8543.672754231475
1664,445302.9974068186
1663,357525.4369482366
1765,289688.3842918662
1764,559030.7042372472
1344,120481.23209263399
849,616684.0557285845
928,469357.61531548674
927,96597.75728215769
692,224446.74597683028
689,637257.7836223915
682,1707411.9475838912
1744,312890.49636920507
1865,148351.16220284926
1869,144459.4868015351
1779,427845.2644403023
1342,246748.29019536104
1301,892356.2538492099
1300,1077969.2201765666
1248,756728.7162787829
905,260651.308696884
910,883223.109745744
869,473588.81029799726
870,582575.0474702497
924,631114.3657972144
641,393493.987855518
1980,17624.625751622167
1739,205078.96924490668
1864,426512.358839992
1665,286834.596217226
1611,625535.9297594095
1781,674302.1464940537
1250,1511143.4444694975
1249,2453672.182980685
1251,1026917.6082767402
920,502160.9063231362
922,185377.51230876136
693,225305.94479780496
647,1283270.682886148
687,1375071.1722959059
1983,640224.3613254155
1862,506595.51365187654
1667,397811.2199224211
1757,397027.05761486985
1339,192553.70596073917
1340,344298.66089292936
903,374715.28459778894
904,415644.8248606849
908,1447345.1535727654
690,519026.37062529556
1998,10830.14711832705
1937,44354.394340719584
1738,281229.1896568364
1612,863322.9040123093
1761,320287.2850814128
1778,235326.86990335304
926,544744.8836624131
821,320323.70132941945
697,280675.4053467117
683,424251.2565695114
1730,378066.9227329208
1863,251729.10589269234
1666,404045.55111227185
1341,444188.79154933407
1325,381876.95995729725
1326,640918.2501330674
1336,1206986.8974096158
1247,1312858.9439902906
911,860627.6036752806
694,113311.25522592806
696,117630.52671348622
1728,829783.4151482856
1868,326557.6505863186
1766,498493.9050322304
1777,543094.6874546066
867,281085.14703890734
866,803347.1114912139
909,661612.1716299101
826,291090.95803723374
639,3003453.231594058
1941,134146.45360930494
1755,1445427.930589179
1762,383662.122278418
1328,397415.35606980027
1338,1366271.442338319
1260,807470.4339957113
1259,1836935.1706219795
1258,316784.6014598008
1252,292503.16108263494
853,1610039.3910833003
901,1097360.678358382
918,229001.5727306974
646,2849981.609163381
1934,273335.476667238
1736,186688.84834022992
1737,207748.126077744
1774,216214.5555867073
1261,74640.94072338601
1257,1163112.5286180694
893,270684.0023386598
915,784072.7395308971
919,87416.38668401897
822,163850.5067129875
644,179198.26266068892
1735,186495.59075592997
1867,468070.05152679066
1866,1384337.578140499
1754,606561.7262481053
1773,399776.6520439231
1337,341178.568390838
1253,1083324.6814222764
823,99702.48181255664
695,139037.96045451623
645,307250.80837370246
1931,428651.3903952661
1791,1197086.558088009
1794,748306.0104803636
1776,333460.06852697046
1323,703898.9700331242
1335,804676.749433675
892,227090.65083548176
916,315030.6298578444
917,264271.08701521927
912,283528.9260631561
828,369327.0083895717
642,1448788.318251416
1859,662853.3383975547
1792,861949.426585631
1763,234134.72797927746
1782,45621.34499694346
1330,426029.27170336916
1274,975270.2788829084
1272,723852.2297778066
890,922789.2383152934
840,235505.4815133872
643,1393792.2516470354
1936,92577.45694281354
1731,245703.08970036986
1804,241691.9467497668
898,373663.8524515716
891,379436.62922768306
894,439133.55962440185
913,219709.94181834036
825,320082.4995256708
824,190907.81291318577
1861,534035.4864482133
1860,531063.5307661587
1797,1533135.4384946197
1798,884107.1607559527
1819,326999.154410629
1775,84807.04356043485
1329,232419.48139977825
1333,466232.4112463348
1271,1019783.8414845536
1265,320251.0789284447
1266,610563.6957583444
1254,636676.9278835092
854,197589.94946209548
844,533460.7044168126
1607,168662.42574736866
1734,278852.3196741846
1793,736179.69210043
1747,268836.9654984523
1746,350543.3460158085
1801,127978.11977077734
1803,207417.89076128523
1275,863646.5171806692
1270,283278.0960124731
1263,995690.388521275
914,308143.46051091916
827,517774.5069936425
841,186705.6735515082
843,531552.762616895
842,267890.9242380465
1732,481152.5938049558
1748,260925.27859720727
1800,272543.2632810234
1273,1364149.518155736
899,451540.3149023368
889,322781.8123768693
820,261411.7008033244
1606,260807.39394990617
1796,714420.8194498158
1805,280918.4537486653
1327,377371.306401732
1276,460195.0837304896
1255,542383.2763856923
881,698518.1361940327
798,155761.08073374146
797,131149.298496224
839,151023.80652490736
837,288983.46610159054
1938,219440.75433473848
1932,402126.458354604
1843,883018.1512218745
1816,362437.5770034133
1802,160981.65559898413
1279,757026.6879737562
1267,823486.4994398328
1262,356665.9537500765
796,215270.87481876672
1933,223104.04257887357
1733,442300.8043841458
1752,1411602.4640628947
1795,962303.124599121
1749,666501.6157024497
1745,3337438.9741308116
1807,195518.77367028856
1277,709849.174090697
1264,1792065.6787043132
895,469543.47274392087
921,199332.47495133802
836,362055.26543017075
1750,115740.69415935717
1824,221221.6392796705
1799,300937.6445102772
1808,178854.11882093194
1315,619875.8866135945
1313,1059625.886887689
1314,1015189.1377399081
1311,405866.0704422094
900,121796.03704570219
819,581137.8796566483
838,341439.42156422266
1605,859454.8242646029
1818,176738.3226129113
1806,146970.82363846686
1331,284444.33057050407
1278,335933.70361133304
1268,1315244.6542852335
896,588222.8675424109
897,328701.94668611494
883,688569.263357888
1924,196756.92429468912
1925,219050.860266384
1844,1454259.4947453719
1768,473841.61515464267
1813,397143.97738439916
1269,877008.300641206
1256,210452.70532874478
886,231947.65033234208
792,306013.99651020736
790,111202.87933343207
795,160254.53266982234
777,2163186.2192625925
779,368851.80865663197
1935,154344.48083005872
1827,3578957.1225197786
1751,733623.5569522539
1769,380249.22464864934
1812,116906.07915334204
1809,406402.2661407406
780,306304.35162908264
1923,329914.712179686
1875,219337.74171764043
1876,124762.72591664006
1767,860779.3790294043
1815,575554.0172530685
1814,92147.45166423662
1810,315722.97876354505
1332,165336.8549953401
1306,413206.35826655966
789,563573.5192291024
794,414627.1629249654
776,2395396.1640330805
778,508828.7569350356
1922,198989.4657292759
1834,342209.4304913121
1463,170526.34626681663
1458,776440.3148002281
882,899169.5552335765
887,699773.663651044
791,118961.61750169317
1753,1099962.55273327
1823,262403.11167168536
1825,291007.5120412242
1462,156207.48975751884
1304,727587.0212573155
1312,270928.96618759166
1310,226204.9705065412
888,1116731.5659018548
872,526934.4117908467
799,472313.04770951474
1917,282777.4438527273
1877,183798.1786405069
1878,313009.99514122907
1785,283276.87153732806
1786,267427.6395925492
1770,370099.20364016143
1821,243997.13142851501
1826,229679.8050694249
1316,171232.63925467993
1319,748890.7701851025
1321,266775.7967647525
875,314269.2211578349
793,313443.4324639552
1835,487149.1890658643
1837,797554.1896787956
1771,273336.87703875557
1772,318569.7852979376
1820,291704.5744619073
1811,373349.3694909435
1506,327091.1995512398
1303,920103.1749141865
830,463125.3973612966
781,584282.451051115
784,515595.8303125164
1915,405642.43893978576
1914,296675.4937507283
1842,725249.8636924678
1459,380363.1635017661
876,288274.2942925249
871,180750.31428855722
884,425686.5494965272
804,174263.70950700025
1856,662994.4677008061
1916,334231.97244767874
1317,600938.569585292
1309,318768.1251644268
834,258852.17624726726
835,310690.98632384645
783,1019696.3424600854
1921,152972.704645326
1874,282266.7421706938
1784,470702.884489791
1787,276174.1394899129
1822,297046.5934729963
1507,547912.8363726109
1457,226671.84199072715
1461,271603.470178022
1307,247620.02575704054
1305,587282.6377896824
788,898426.9028550716
787,1432790.1815075006
1854,850602.528776741
1872,228099.6937154854
1838,614690.40648503
1817,168671.142991249
1456,1101773.7632295322
874,438400.01323796576
877,339564.09825650416
782,69030.0502695198
1920,532671.8150823964
1918,324096.72976632713
1879,483341.010578077
1830,78385.13428909036
1788,268739.9486303317
1530,295172.0797904652
1529,235082.02694037737
1505,209315.37522085293
1320,398012.1095485065
1308,429293.6473366502
1360,310769.1246215599
873,631473.553598701
829,678490.5425123947
803,591928.8805444769
786,50756.42133323958
1833,318435.7720652178
1841,533578.4361195627
1531,176700.84907615843
1460,397521.10557932965
1318,310559.58505882404
1356,151432.88311780346
1361,599483.3113079831
833,448514.3312295357
832,300471.2862316261
802,1357031.7708695056
1929,349283.87919742626
1873,249845.88454531218
1839,630365.1824464755
1783,849587.6505755226
1790,448540.15292650304
1789,214595.80445067553
1454,516750.7726417307
1322,314338.38582467113
808,2664564.235434966
2350,1277944.0031545702
1870,597981.5765634042
1831,462211.48869218474
1528,318144.954257215
1466,343047.8120050089
1432,357747.41228392755
885,339083.7475537835
817,194418.25930107912
800,904782.6587922192
801,1097669.9347432707
2351,225519.52996845456
1858,357293.5547557968
1919,170100.98102875153
1836,486223.2761745738
1522,136300.90126541856
1513,239404.34922134771
1358,323057.88516651996
1354,1177539.5757080428
1355,299303.2849799694
880,210452.4526962523
831,531281.8511239096
2353,751731.7665615148
2352,150346.35331230302
1943,484223.4524565155
1828,409706.4887209553
1832,241377.05702296057
1840,464032.45691235363
1455,273982.5871379241
878,276729.011742923
879,213119.02708609364
2354,1653809.8864353122
1928,161585.17533612376
1855,374183.9259361598
1871,217037.67359418873
1850,205123.55941331602
1524,364582.82826189755
1526,411938.6076903881
1429,350778.20622290927
1427,465020.95267062605
1408,186781.53664891812
815,1066293.0806336433
813,364641.0880494148
785,1672388.048508888
2355,902078.11987382
1857,295781.39089550794
1904,356495.22032871144
1847,144518.4026247749
1532,158115.62921260556
1533,246639.87321487576
1527,564077.9144302448
1453,358687.8610359982
1501,450839.2832164604
1464,415440.9366772803
1428,152863.20461659218
1353,191385.84374329538
1409,253572.8704516372
807,2529435.420970756
2356,75173.17665615148
1944,351808.72104551096
1829,351104.5817593383
1887,406059.39248376776
1525,183927.88848826906
1523,263030.15128714475
1465,459139.42032188375
1512,488723.9404436251
1510,871647.9793521607
1419,523716.2410044713
1417,996897.7509664431
1404,912865.429117183
2357,1202770.8264984218
1930,181265.48214624083
1927,425448.28997692675
1886,581549.1653036675
1521,220499.93818598762
1357,367439.0545223998
1418,440253.4577136147
1410,861129.638402441
1405,584583.2046465694
809,133525.9272743008
1851,249920.1607317239
1845,548486.0185454012
1846,192091.50123244314
1849,183415.84952446746
1535,495724.3144136754
1452,1537437.4329850988
1451,706457.3542695536
1431,1163292.0850285685
816,582849.1497040594
818,3860282.48141563
805,37511.35104184091
1945,291617.8019022672
1898,468228.4305971281
1899,712200.7610785259
1508,241394.87818334013
1393,791416.7405870432
1403,90200.03879039643
2358,1277944.0031545702
1906,249722.88916912803
1852,273644.1410881078
1534,215279.84095821934
1536,432057.7419626218
1509,317171.64999543683
1502,238532.18458299813
1470,140665.11221331012
1511,422331.049121692
811,820451.7781029516
2359,3006927.066246085
1946,252145.84489409774
1942,362510.07778817345
1848,353423.3478967382
1514,449804.50021979806
1430,1230585.5128408058
1359,308002.62418150064
1420,855265.1127949669
1406,650622.8379148054
1437,938000.2614575783
810,492549.7635964043
2361,150346.35331230302
2360,2781407.5362776145
1926,165234.4745353397
1885,363673.661622505
1900,401830.99200874974
1515,328622.77739255625
1468,836973.3798496836
1426,283802.3431294877
1407,1760232.1257078967
812,521879.0775697149
2362,676558.5899053622
1948,276753.57248421403
1884,656931.6111456453
1516,450001.50689813704
1504,1138948.7687200566
1481,1088392.2632313215
1469,1129923.9155392633
1436,1494460.3762428693
1903,384539.7885939219
1881,197521.10200716773
1894,466119.1988553949
1493,471546.16001465824
1500,16870.744220986948
1503,314091.37704047665
1394,675473.7712437996
1392,601558.1921298743
1352,506653.64777485863
1401,375610.90998334
1905,286312.3703768561
1853,230549.17456735505
1517,433754.5274422486
1482,1805894.8963120494
1425,573987.6816182126
1415,393861.3773628105
2364,751731.7665615148
1947,174332.36413898043
1893,545316.7917039273
1491,335958.48338890483
1399,1239911.2561689925
1416,877026.6006781695
1439,1129783.2240952165
1435,33936.99494212654
814,192249.32808132574
1902,203475.66314295816
1880,586838.2281903498
1895,204202.59374562383
1518,343771.76850771497
1397,353923.3326698488
1350,1261766.813201855
1351,890836.5771323104
1440,1188392.4045873818
1438,538793.3716553266
1368,562530.5726166348
2363,1202770.8264984218
1949,220392.516711731
1882,376696.7014234328
1896,262488.4714626519
1520,223553.9285522656
1450,682778.2646553675
1467,69110.2347291896
1395,469128.0712442599
1372,629243.8154420643
1442,4396879.392564092
1367,4582860.412524806
2365,75173.17665615148
1889,262886.3671734418
1519,497967.524331811
1490,908601.8913629143
1480,1745001.8034659442
1396,1738229.1043551308
1348,4823316.561822752
1402,2608557.962606364
1400,1073497.6092701773
1413,588546.9140656596
1365,802363.5860848754
2368,1277944.0031545702
2366,1954502.5930599058
2371,2555888.006309144
1888,330779.2659648634
1883,135229.82053827055
1497,371512.42919277004
1492,421235.9463527704
1445,535974.2570681219
1391,655010.031211733
1371,9585735.617421962
1909,490463.79986476724
1897,410364.99108073587
1471,792967.7561942087
1398,476782.93322873325
1412,866136.7642166057
1901,285371.35912379634
1891,318278.8078359713
1496,291252.20917981805
1449,1384689.077623985
1489,1068940.3532619874
1484,627957.9546913645
1446,508647.241436122
1443,249074.15407755773
1433,8062102.777009929
1414,1563929.7456341868
1441,1154947.7575698558
2367,150346.35331230302
1890,384514.741360588
1892,67824.3851709289
1448,2597949.6805774155
1483,2011983.724293255
1373,1185926.6734074098
1370,5593969.27239476
1349,2938404.410575802
1910,94628.27300589666
1907,115082.31458183794
1494,438977.46217400226
1487,999477.4399484931
1447,1177098.0050499104
1411,239094.29293326143
1495,281502.42947013315
1444,563941.4490501385
1378,1908967.7465118943
1376,3314026.5913855815
1362,7826417.310617679
2369,1728983.0630914606
1434,3041430.3324407707
1911,446604.67806384736
1499,275893.4792440355
1478,1373359.398690977
1479,796266.4237319427
1485,823426.8145350097
1390,1132559.9887381599
1424,1188799.7622066166
1377,926333.8566714266
1374,617882.9612999087
1908,111549.41549266745
1912,426151.12167360005
2372,7500957.000000001
1477,1055227.698777855
1379,656052.6624118987
1375,1219468.3895040134
1364,1100931.767759047
1363,980279.4648019959
1913,194046.3202510707
1498,373011.2419247499
1475,291018.1652298879
1486,1560872.2209925994
1388,1455861.4055618383
1488,111731.31435198395
1389,1480792.6965345617
1423,485283.8540931267
1474,590570.6948054798
1473,789850.4965585781
1383,1811331.9448945276
1387,1164509.4647794648
1422,648935.4099297314
1421,666891.5363364496
1386,913654.0203185212
1476,79903.22254208605
1472,141300.60049021564
1385,1407603.1167454717
1381,1256174.6309063204
1380,1414650.4058567153
1384,1537759.612655684
1347,0.0
1382,509964.60032272
1541,451101.064043747
1547,369589.62944835034
1546,1052993.685764128
1557,779630.8664441473
1540,1671214.6277685985
1539,1031362.6307371993
1544,433125.73078993155
1549,200137.7929841488
1548,451237.68793788267
1545,347232.83566326025
1553,365254.33962473285
1538,659485.1754785714
1543,371904.2441366095
1554,0.0
1542,632487.1938332334
1537,111398.11712976069
1550,367285.07354675996
1552,150437.8682996305
1551,234173.6150209636
1558,401179.8213483415
